"spdataset","dataset","species","age","dbh","sapbh","sapcb","h_t","h_c","cw","m_lf","a_lf","wbr","m_st","a_cs","SAcon","Vell","sp","authorname","reference","country","remark","a_cp","a_st","a_ss_dbh","a_ss_crownbase"
"Brown-ABGR","Brown","ABGR",8,0,NA,NA,1.40208,1.40208,0.6096,0.21600432,NA,0.09697968,NA,2.2549801145817,1.66579372791255,0.27281065816052,"Abies grandis","(Dougl. ex D. Don) Lindl.","Brown 1978","USA","",0.291863507960159,0,NA,NA
"Brown-ABGR","Brown","ABGR",7,0,NA,NA,1.34112,1.34112,1.0668,0.5248152,NA,0.33602688,NA,4.20198738319624,3.31240868417993,0.79915730841587,"Abies grandis","(Dougl. ex D. Don) Lindl.","Brown 1978","USA","",0.893831993127986,0,NA,NA
"Brown-ABGR","Brown","ABGR",6,0,NA,NA,1.12776,1.12776,0.57912,0.20498184,NA,0.092988,NA,1.76007476387941,1.32258311550808,0.198039780491851,"Abies grandis","(Dougl. ex D. Don) Lindl.","Brown 1978","USA","",0.263406815934043,0,NA,NA
"Brown-ABGR","Brown","ABGR",4,0,NA,NA,0.94488,0.94488,0.64008,0.15699096,NA,0.0709884,NA,1.71103643970938,1.32481088449621,0.202695353680025,"Abies grandis","(Dougl. ex D. Don) Lindl.","Brown 1978","USA","",0.321779517526075,0,NA,NA
"Brown-ABGR","Brown","ABGR",9,1.016,NA,NA,1.73736,1.73736,0.97536,0.41499864,NA,0.23301432,NA,4.62952028296818,3.51184371178306,0.865402853017022,"Abies grandis","(Dougl. ex D. Don) Lindl.","Brown 1978","USA","",0.747170580378006,8.10731966555997e-05,NA,NA
"Brown-ABGR","Brown","ABGR",8,1.016,NA,NA,1.6764,1.524,1.00584,0.5438664,NA,0.3690036,NA,4.31345149093732,3.33019370174949,0.807311974828277,"Abies grandis","(Dougl. ex D. Don) Lindl.","Brown 1978","USA","",0.794598400421532,8.10731966555997e-05,NA,NA
"Brown-ABGR","Brown","ABGR",10,1.778,NA,NA,2.1336,2.1336,1.18872,0.4858056,NA,0.3079944,NA,6.92049221565217,5.24544075053031,1.57859515077992,"Abies grandis","(Dougl. ex D. Don) Lindl.","Brown 1978","USA","",1.1098109890185,0.000248286664757774,NA,NA
"Brown-ABGR","Brown","ABGR",17,2.54,NA,NA,2.8956,2.46888,1.73736,0.6109992,NA,0.38701152,NA,12.2348482185676,9.51322529857626,3.90191891833944,"Abies grandis","(Dougl. ex D. Don) Lindl.","Brown 1978","USA","",2.37066134340639,0.000506707479097498,NA,NA
"Brown-ABGR","Brown","ABGR",42,2.794,NA,NA,2.31648,2.01168,1.34112,1.9178208,NA,1.3399344,NA,7.60728887004026,5.87971408156457,1.89449210093036,"Abies grandis","(Dougl. ex D. Don) Lindl.","Brown 1978","USA","",1.41261937852717,0.000613116049707972,NA,NA
"Brown-ABGR","Brown","ABGR",8,2.794,NA,NA,2.71272,2.40792,1.55448,1.8248328,NA,1.242864,NA,10.4861597995039,8.07614229935978,3.04656854500899,"Abies grandis","(Dougl. ex D. Don) Lindl.","Brown 1978","USA","",1.89784246051093,0.000613116049707972,NA,NA
"Brown-ABGR","Brown","ABGR",10,3.302,NA,NA,2.8956,2.7432,1.79832,1.2120192,NA,0.77914872,NA,13.8625195002761,10.6945689278692,4.64504625516898,"Abies grandis","(Dougl. ex D. Don) Lindl.","Brown 1978","USA","",2.53994217802328,0.000856335639674771,NA,NA
"Brown-ABGR","Brown","ABGR",12,4.572,NA,NA,4.2672,3.53568,1.58496,1.353996,NA,0.9409932,NA,14.8369053266868,10.9940030792104,4.65059142832941,"Abies grandis","(Dougl. ex D. Don) Lindl.","Brown 1978","USA","",1.97299731381067,0.00164173223227589,NA,NA
"Brown-ABGR","Brown","ABGR",12,5.334,NA,NA,3.74904,3.74904,1.61544,4.2860664,NA,3.1810968,NA,15.9624756728887,11.7811896550742,5.12271696027536,"Abies grandis","(Dougl. ex D. Don) Lindl.","Brown 1978","USA","",2.04961148465021,0.00223457998281997,NA,NA
"Brown-ABGR","Brown","ABGR",18,5.842,NA,NA,4.35864,3.74904,1.58496,2.4852744,NA,1.2591936,NA,15.6287217428943,11.5130417169679,4.93123056624584,"Abies grandis","(Dougl. ex D. Don) Lindl.","Brown 1978","USA","",1.97299731381067,0.00268048256442576,NA,NA
"Brown-ABGR","Brown","ABGR",35,6.858,NA,NA,4.8768,3.41376,2.7432,2.30202,NA,1.89391608,NA,27.5761999607924,21.7630799444911,13.45075158061,"Abies grandis","(Dougl. ex D. Don) Lindl.","Brown 1978","USA","",5.91023603619321,0.00369389752262076,NA,NA
"Brown-ABGR","Brown","ABGR",23,8.128,NA,NA,5.6388,5.1816,1.9812,4.62672,NA,3.4822872,NA,26.7314068614171,19.5003029052271,10.6492530012931,"Abies grandis","(Dougl. ex D. Don) Lindl.","Brown 1978","USA","",3.08280830282918,0.00518868458595838,NA,NA
"Brown-ABGR","Brown","ABGR",30,10.668,NA,NA,6.73608,6.37032,3.2004,9.806832,NA,7.6082328,NA,54.7729178941999,41.0641289981867,34.1639749347784,"Abies grandis","(Dougl. ex D. Don) Lindl.","Brown 1978","USA","",8.04448793815187,0.00893831993127986,NA,NA
"Brown-ABGR","Brown","ABGR",22,11.43,NA,NA,6.82752,6.21792,2.19456,11.65752,NA,8.9644968,NA,35.2865879758609,25.5482028479299,15.679733271111,"Abies grandis","(Dougl. ex D. Don) Lindl.","Brown 1978","USA","",3.78255106316366,0.0102608264517243,NA,NA
"Brown-ABGR","Brown","ABGR",32,16.51,NA,NA,12.37488,11.76528,4.35864,18.928728,NA,18.2537712,NA,133.152274750007,96.8424597826208,117.031531924328,"Abies grandis","(Dougl. ex D. Don) Lindl.","Brown 1978","USA","",14.9207921856932,0.0214083909918693,NA,NA
"Brown-ABGR","Brown","ABGR",124,19.05,NA,NA,14.478,12.67968,3.13944,15.009624,NA,13.5004968,NA,100.711109770666,70.7471232381863,65.4351783330859,"Abies grandis","(Dougl. ex D. Don) Lindl.","Brown 1978","USA","",7.74094988987331,0.0285022956992343,NA,NA
"Brown-ABGR","Brown","ABGR",93,26.67,NA,NA,24.01824,21.21408,4.05384,46.08576,NA,59.548608,NA,215.529061359767,148.608241953782,182.539153348489,"Abies grandis","(Dougl. ex D. Don) Lindl.","Brown 1978","USA","",12.9069339807681,0.0558644995704991,NA,NA
"Brown-ABGR","Brown","ABGR",121,30.226,NA,NA,24.0792,20.4216,4.20624,34.968024,NA,43.922088,NA,215.775549418013,149.537754962816,189.180550901412,"Abies grandis","(Dougl. ex D. Don) Lindl.","Brown 1978","USA","",13.8956216139832,0.0717548461149966,NA,NA
"Brown-ABGR","Brown","ABGR",91,31.496,NA,NA,21.0312,12.40536,4.7244,33.126408,NA,42.765408,NA,152.555134735633,111.245253999079,144.977736812975,"Abies grandis","(Dougl. ex D. Don) Lindl.","Brown 1978","USA","",17.530051946857,0.0779113419860312,NA,NA
"Brown-ABGR","Brown","ABGR",80,7.62,NA,NA,7.55904,3.74904,1.70688,2.1019824,NA,2.1378168,NA,16.9737401307009,12.597146313476,5.71906030168157,"Abies grandis","(Dougl. ex D. Don) Lindl.","Brown 1978","USA","",2.28820990240764,0.00456036731187748,NA,NA
"Brown-ABGR","Brown","ABGR",39,0,NA,NA,1.3716,1.03632,0.97536,0.2419956,NA,0.21600432,NA,3.11396223471104,2.50192816821417,0.516205210571557,"Abies grandis","(Dougl. ex D. Don) Lindl.","Brown 1978","USA","",0.747170580378006,0,NA,NA
"Brown-ABGR","Brown","ABGR",24,0,NA,NA,1.3716,0.73152,0.9144,0.10301256,NA,0.07398216,NA,2.28444675054513,1.89573856516475,0.320255990014523,"Abies grandis","(Dougl. ex D. Don) Lindl.","Brown 1978","USA","",0.656692892910357,0,NA,NA
"Brown-ABGR","Brown","ABGR",15,0,NA,NA,1.12776,0.88392,0.85344,0.1759968,NA,0.127008,NA,2.34288177630062,1.88787468331208,0.337099082822694,"Abies grandis","(Dougl. ex D. Don) Lindl.","Brown 1978","USA","",0.572052475601911,0,NA,NA
"Brown-ABGR","Brown","ABGR",16,0,NA,NA,1.12776,0.82296,0.4572,0.08201088,NA,0.05901336,NA,1.02619474612084,0.777575006123681,0.0900719971915846,"Abies grandis","(Dougl. ex D. Don) Lindl.","Brown 1978","USA","",0.164173223227589,0,NA,NA
"Brown-ABGR","Brown","ABGR",33,0,NA,NA,1.2192,0.79248,1.2192,0.20198808,NA,0.16402176,NA,3.62792947736351,3.08222101120913,0.616789314102044,"Abies grandis","(Dougl. ex D. Don) Lindl.","Brown 1978","USA","",1.16745403184063,0,NA,NA
"Brown-ABGR","Brown","ABGR",28,0.762,NA,NA,1.61544,0.85344,1.3716,0.13598928,NA,0.109998,NA,4.49356687589452,3.83640317115731,0.840671973788123,"Abies grandis","(Dougl. ex D. Don) Lindl.","Brown 1978","USA","",1.4775590090483,4.56036731187748e-05,NA,NA
"Brown-ABGR","Brown","ABGR",16,1.778,NA,NA,1.95072,1.46304,1.3716,0.20901888,NA,0.16198056,NA,6.17460015782068,4.95880565733684,1.44115195506535,"Abies grandis","(Dougl. ex D. Don) Lindl.","Brown 1978","USA","",1.4775590090483,0.000248286664757774,NA,NA
"Brown-ABGR","Brown","ABGR",34,2.54,NA,NA,2.8956,2.80416,1.8288,0.9938376,NA,0.85698648,NA,14.3958108764803,11.0996652215281,4.91059184688935,"Abies grandis","(Dougl. ex D. Don) Lindl.","Brown 1978","USA","",2.62677157164143,0.000506707479097498,NA,NA
"Brown-ABGR","Brown","ABGR",45,3.81,NA,NA,2.52984,1.95072,1.43256,1.0709496,NA,0.906066,NA,8.04855259724799,6.2880089194612,2.09613476130987,"Abies grandis","(Dougl. ex D. Don) Lindl.","Brown 1978","USA","",1.61181622270998,0.00114009182796937,NA,NA
"Brown-ABGR","Brown","ABGR",48,3.81,NA,NA,2.77368,2.49936,1.524,1.821204,NA,1.812132,NA,10.5558957061109,8.07924221874918,3.03946657189709,"Abies grandis","(Dougl. ex D. Don) Lindl.","Brown 1978","USA","",1.82414692475099,0.00114009182796937,NA,NA
"Brown-ABGR","Brown","ABGR",36,5.334,NA,NA,3.77952,2.7432,2.07264,1.229256,NA,1.06582392,NA,16.4861403548023,12.9210183331735,6.17026540761314,"Abies grandis","(Dougl. ex D. Don) Lindl.","Brown 1978","USA","",3.37394215201943,0.00223457998281997,NA,NA
"Brown-ABGR","Brown","ABGR",51,5.842,NA,NA,4.84632,2.92608,2.1336,1.4238504,NA,1.4097888,NA,17.9511596522058,14.0133663733089,6.9744637825385,"Abies grandis","(Dougl. ex D. Don) Lindl.","Brown 1978","USA","",3.57532797251194,0.00268048256442576,NA,NA
"Brown-ABGR","Brown","ABGR",100,19.558,NA,NA,16.4592,11.8872,2.98704,9.398592,NA,11.516904,NA,89.8941551206338,63.2212591854887,55.5341678684628,"Abies grandis","(Dougl. ex D. Don) Lindl.","Brown 1978","USA","",7.00764282612341,0.0300426864356906,NA,NA
"Brown-ABGR","Brown","ABGR",48,10.414,NA,NA,6.00456,4.8768,3.048,5.583816,NA,7.66565856,NA,41.3831913444725,31.7592073182033,23.7226659270017,"Abies grandis","(Dougl. ex D. Don) Lindl.","Brown 1978","USA","",7.29658769900397,0.00851775272362894,NA,NA
"Brown-ABGR","Brown","ABGR",37,10.922,NA,NA,9.38784,6.67512,2.40792,4.676616,NA,5.3461296,NA,41.6391971577157,30.2088401923117,20.2647760081509,"Abies grandis","(Dougl. ex D. Don) Lindl.","Brown 1978","USA","",4.55380038294838,0.00936902128851274,NA,NA
"Brown-ABGR","Brown","ABGR",74,15.494,NA,NA,9.50976,7.19328,3.6576,12.487608,NA,17.704008,NA,70.8039980590378,53.1496932235899,50.3869424289516,"Abies grandis","(Dougl. ex D. Don) Lindl.","Brown 1978","USA","",10.5070862865657,0.0188545852972179,NA,NA
"Brown-ABGR","Brown","ABGR",115,25.4,NA,NA,19.75104,16.64208,4.2672,14.655816,NA,26.8798824,NA,179.959790469517,126.764558982838,158.669051052751,"Abies grandis","(Dougl. ex D. Don) Lindl.","Brown 1978","USA","",14.3013118900478,0.0506707479097498,NA,NA
"Brown-ABGR","Brown","ABGR",117,21.082,NA,NA,13.13688,9.17448,5.1816,19.994688,NA,36.0734472,NA,130.003084330956,98.6807331064239,128.975686645247,"Abies grandis","(Dougl. ex D. Don) Lindl.","Brown 1978","USA","",21.0871384501215,0.0349070782350266,NA,NA
"Brown-ABGR","Brown","ABGR",98,21.336,NA,NA,16.97736,11.33856,3.10896,13.031928,NA,24.113376,NA,89.6351130021406,63.4816682577701,57.3834682908022,"Abies grandis","(Dougl. ex D. Don) Lindl.","Brown 1978","USA","",7.59136984204373,0.0357532797251194,NA,NA
"Brown-ABGR","Brown","ABGR",105,23.368,NA,NA,18.19656,15.91056,4.60248,24.4944,NA,52.014312,NA,186.762596864071,132.860200400055,176.468790017761,"Abies grandis","(Dougl. ex D. Don) Lindl.","Brown 1978","USA","",16.6369496124989,0.0428877210308122,NA,NA
"Brown-ABGR","Brown","ABGR",90,29.972,NA,NA,22.06752,18.40992,4.90728,14.274792,NA,37.045512,NA,229.379081908372,162.078189043359,232.130496868914,"Abies grandis","(Dougl. ex D. Don) Lindl.","Brown 1978","USA","",18.9134849745882,0.0705539493895356,NA,NA
"Brown-ABLA","Brown","ABLA",4,0,NA,NA,1.24968,1.24968,0.762,0.31198608,NA,0.1880172,NA,2.63897392652772,2.01981055468729,0.379933321487137,"Abies lasiocarpa","(Hook.) Nutt.","Brown 1978","USA","",0.456036731187748,0,NA,NA
"Brown-ABLA","Brown","ABLA",118,31.242,NA,NA,28.22448,15.66672,2.52984,24.984288,NA,32.6605608,NA,98.9157038499855,67.4866173766926,52.5004243897206,"Abies lasiocarpa","(Hook.) Nutt.","Brown 1978","USA","",5.02661926584383,0.0766597745126604,NA,NA
"Brown-ABLA","Brown","ABLA",73,32.258,NA,NA,16.6116,12.954,3.87096,41.291208,NA,78.468264,NA,128.140714923069,91.4096664024529,101.634202164412,"Abies lasiocarpa","(Hook.) Nutt.","Brown 1978","USA","",11.7686662997235,0.0817268493036354,NA,NA
"Brown-ABLA","Brown","ABLA",13,3.302,NA,NA,3.01752,2.86512,1.49352,1.4859936,NA,1.07598456,NA,11.5570393850067,8.69808380285296,3.34628960233045,"Abies lasiocarpa","(Hook.) Nutt.","Brown 1978","USA","",1.75191070653085,0.000856335639674771,NA,NA
"Brown-ABLA","Brown","ABLA",13,5.08,NA,NA,3.53568,3.53568,1.70688,3.0168936,NA,2.8581336,NA,16.1262626728176,12.0401903984392,5.39358532516311,"Abies lasiocarpa","(Hook.) Nutt.","Brown 1978","USA","",2.28820990240764,0.00202682991638999,NA,NA
"Brown-ABLA","Brown","ABLA",35,5.334,NA,NA,3.2004,2.8956,1.46304,3.1720248,NA,2.7070848,NA,11.3904584591341,8.54469127767151,3.24526069881383,"Abies lasiocarpa","(Hook.) Nutt.","Brown 1978","USA","",1.68113380585051,0.00223457998281997,NA,NA
"Brown-ABLA","Brown","ABLA",14,0,NA,NA,0.9144,0.9144,0.39624,0.08999424,NA,0.03302208,NA,0.955557647121753,0.705651803279996,0.0751711976561866,"Abies lasiocarpa","(Hook.) Nutt.","Brown 1978","USA","",0.123312332113167,0,NA,NA
"Brown-ABLA","Brown","ABLA",18,0,NA,NA,1.34112,1.34112,0.85344,0.3690036,NA,0.20901888,NA,3.1975040553432,2.45874632599764,0.511460677386157,"Abies lasiocarpa","(Hook.) Nutt.","Brown 1978","USA","",0.572052475601911,0,NA,NA
"Brown-ABLA","Brown","ABLA",14,0,NA,NA,0.762,0.6096,0.79248,0.16302384,NA,0.0610092,NA,1.67753202137543,1.39831331360718,0.200456527083164,"Abies lasiocarpa","(Hook.) Nutt.","Brown 1978","USA","",0.493249328452668,0,NA,NA
"Brown-ABLA","Brown","ABLA",12,0,NA,NA,1.31064,1.0668,0.67056,0.2469852,NA,0.109998,NA,1.99371941808119,1.53101847804912,0.251163725502131,"Abies lasiocarpa","(Hook.) Nutt.","Brown 1978","USA","",0.353154844631792,0,NA,NA
"Brown-ABLA","Brown","ABLA",12,0.762,NA,NA,1.64592,1.64592,0.73152,0.37499112,NA,0.21800016,NA,3.18457128144161,2.35769443417473,0.461168625620913,"Abies lasiocarpa","(Hook.) Nutt.","Brown 1978","USA","",0.420283451462628,4.56036731187748e-05,NA,NA
"Brown-ABLA","Brown","ABLA",21,1.524,NA,NA,1.85928,1.70688,0.97536,0.9471168,NA,0.70702632,NA,4.56161473878128,3.4669125459727,0.850220346823741,"Abies lasiocarpa","(Hook.) Nutt.","Brown 1978","USA","",0.747170580378006,0.000182414692475099,NA,NA
"Brown-ABLA","Brown","ABLA",37,1.524,NA,NA,1.85928,1.55448,0.82296,0.6001128,NA,0.25700976,NA,3.46302326987583,2.61061099726953,0.551240622812498,"Abies lasiocarpa","(Hook.) Nutt.","Brown 1978","USA","",0.531921243257389,0.000182414692475099,NA,NA
"Brown-ABLA","Brown","ABLA",37,2.032,NA,NA,2.10312,1.85928,1.00584,0.5279904,NA,0.28898856,NA,5.07922235876114,3.83777385527032,0.984920609290498,"Abies lasiocarpa","(Hook.) Nutt.","Brown 1978","USA","",0.794598400421532,0.000324292786622399,NA,NA
"Brown-ABLA","Brown","ABLA",17,2.54,NA,NA,2.37744,2.37744,1.34112,1.161216,NA,0.79184952,NA,8.71764823513857,6.61640085568678,2.23894521019042,"Abies lasiocarpa","(Hook.) Nutt.","Brown 1978","USA","",1.41261937852717,0.000506707479097498,NA,NA
"Brown-ABLA","Brown","ABLA",20,3.048,NA,NA,2.68224,2.68224,1.18872,1.9060272,NA,1.3603464,NA,8.43043485295751,6.2396773210768,1.98451961812333,"Abies lasiocarpa","(Hook.) Nutt.","Brown 1978","USA","",1.1098109890185,0.000729658769900397,NA,NA
"Brown-ABLA","Brown","ABLA",50,8.89,NA,NA,5.73024,5.1816,1.64592,5.85144,NA,5.9303664,NA,21.881060022579,15.6921309168389,7.3498749708333,"Abies lasiocarpa","(Hook.) Nutt.","Brown 1978","USA","",2.12768497302956,0.00620716661894435,NA,NA
"Brown-ABLA","Brown","ABLA",51,10.16,NA,NA,7.04088,6.52272,2.07264,6.119064,NA,5.1538032,NA,34.6863555792675,24.8762840622161,14.6715199692135,"Abies lasiocarpa","(Hook.) Nutt.","Brown 1978","USA","",3.37394215201943,0.00810731966555996,NA,NA
"Brown-ABLA","Brown","ABLA",37,12.446,NA,NA,7.58952,7.58952,2.286,8.033256,NA,8.3829816,NA,44.3578344008799,31.664413810715,20.7665993525042,"Abies lasiocarpa","(Hook.) Nutt.","Brown 1978","USA","",4.10433058068973,0.0121660465731309,NA,NA
"Brown-ABLA","Brown","ABLA",16,7.874,NA,NA,4.93776,4.66344,1.76784,3.3130944,NA,2.753352,NA,21.4504993950359,15.6351261825626,7.63116648206272,"Abies lasiocarpa","(Hook.) Nutt.","Brown 1978","USA","",2.45457210194493,0.00486945887412695,NA,NA
"Brown-ABLA","Brown","ABLA",150,18.542,NA,NA,18.37944,10.78992,2.4384,20.353032,NA,20.969928,NA,66.3101197945422,46.2606834760436,33.5912949526344,"Abies lasiocarpa","(Hook.) Nutt.","Brown 1978","USA","",4.66981612736254,0.0270024415611057,NA,NA
"Brown-ABLA","Brown","ABLA",201,20.828,NA,NA,16.64208,8.86968,3.048,6.051024,NA,12.9448368,NA,69.7617466639591,50.3850231918189,43.1455986547343,"Abies lasiocarpa","(Hook.) Nutt.","Brown 1978","USA","",7.29658769900397,0.0340710108945157,NA,NA
"Brown-ABLA","Brown","ABLA",152,23.114,NA,NA,14.72184,14.72184,2.95656,27.755784,NA,42.95592,NA,109.24811922346,75.579670269348,67.3804814190986,"Abies lasiocarpa","(Hook.) Nutt.","Brown 1978","USA","",6.86535936599283,0.0419604463440638,NA,NA
"Brown-ABLA","Brown","ABLA",91,17.272,NA,NA,9.99744,9.32688,2.98704,16.80588,NA,23.369472,NA,71.5185869255821,51.3271753246079,43.5729624814093,"Abies lasiocarpa","(Hook.) Nutt.","Brown 1978","USA","",7.00764282612341,0.0234301538334683,NA,NA
"Brown-ABLA","Brown","ABLA",105,28.194,NA,NA,28.3464,21.21408,3.048,25.623864,NA,46.621008,NA,161.011919352285,109.126841262187,103.193596782457,"Abies lasiocarpa","(Hook.) Nutt.","Brown 1978","USA","",7.29658769900397,0.0624314284996027,NA,NA
"Brown-LAOC","Brown","LAOC",6,0,NA,NA,1.3716,1.3716,0.57912,0.09598176,NA,0.1880172,NA,2.08891685919798,1.53862429009004,0.240859192490089,"Larix occidentalis","Nutt.","Brown 1978","USA","",0.263406815934043,0,NA,NA
"Brown-LAOC","Brown","LAOC",10,0,NA,NA,1.3716,1.3716,0.6096,0.09902088,NA,0.11802672,NA,2.21150783433445,1.63728780151023,0.266879991678769,"Larix occidentalis","Nutt.","Brown 1978","USA","",0.291863507960159,0,NA,NA
"Brown-LAOC","Brown","LAOC",3,0,NA,NA,1.09728,1.09728,0.3048,0.00898128,NA,0.00898128,NA,0.85102843700582,0.603363062868951,0.0533759983357538,"Larix occidentalis","Nutt.","Brown 1978","USA","",0.0729658769900397,0,NA,NA
"Brown-LAOC","Brown","LAOC",15,5.334,NA,NA,4.17576,3.87096,1.0668,0.8591184,NA,1.8842544,NA,10.503304868804,7.44179178626197,2.30665859474581,"Larix occidentalis","Nutt.","Brown 1978","USA","",0.893831993127986,0.00223457998281997,NA,NA
"Brown-LAOC","Brown","LAOC",8,5.588,NA,NA,4.4196,3.90144,1.88976,1.059156,NA,2.3242464,NA,19.7097264976019,14.7207575358379,7.29519422587156,"Larix occidentalis","Nutt.","Brown 1978","USA","",2.80480831149713,0.00245246419883189,NA,NA
"Brown-LAOC","Brown","LAOC",14,7.366,NA,NA,5.51688,5.51688,1.46304,1.1689272,NA,2.59686,NA,20.487887513182,14.4706553332968,6.18307564721372,"Larix occidentalis","Nutt.","Brown 1978","USA","",1.68113380585051,0.00426140989920996,NA,NA
"Brown-LAOC","Brown","LAOC",17,9.652,NA,NA,7.68096,7.1628,2.286,1.6402176,NA,3.891888,NA,42.0238483300027,30.1502168364427,19.5989993889096,"Larix occidentalis","Nutt.","Brown 1978","USA","",4.10433058068973,0.00731685599816787,NA,NA
"Brown-LAOC","Brown","LAOC",12,0,NA,NA,0.85344,0.85344,0.4572,0.0099792,NA,0.0099792,NA,1.05815446433263,0.798693232624051,0.0934079970875692,"Larix occidentalis","Nutt.","Brown 1978","USA","",0.164173223227589,0,NA,NA
"Brown-LAOC","Brown","LAOC",5,0.508,NA,NA,2.10312,2.10312,0.79248,0.0709884,NA,0.07398216,NA,4.3341486484241,3.15732532765926,0.691575018436917,"Larix occidentalis","Nutt.","Brown 1978","USA","",0.493249328452668,2.02682991638999e-05,NA,NA
"Brown-LAOC","Brown","LAOC",6,0.762,NA,NA,1.92024,1.92024,0.762,0.14701176,NA,0.20697768,NA,3.82359918439438,2.79926688554302,0.583799981797307,"Larix occidentalis","Nutt.","Brown 1978","USA","",0.456036731187748,4.56036731187748e-05,NA,NA
"Brown-LAOC","Brown","LAOC",9,1.27,NA,NA,1.524,1.524,1.03632,0.18901512,NA,0.33099192,NA,4.47172425119016,3.46379736176121,0.856981306612936,"Larix occidentalis","Nutt.","Brown 1978","USA","",0.843485538004859,0.000126676869774374,NA,NA
"Brown-LAOC","Brown","LAOC",8,2.032,NA,NA,2.22504,2.07264,0.97536,0.20198808,NA,0.40701528,NA,5.38414197512658,4.0093638823954,1.03241042114311,"Larix occidentalis","Nutt.","Brown 1978","USA","",0.747170580378006,0.000324292786622399,NA,NA
"Brown-LAOC","Brown","LAOC",13,2.286,NA,NA,3.44424,2.34696,1.0668,0.12800592,NA,0.13299552,NA,6.63985002887627,4.92698577971746,1.39852528972777,"Larix occidentalis","Nutt.","Brown 1978","USA","",0.893831993127986,0.000410433058068973,NA,NA
"Brown-LAOC","Brown","LAOC",8,4.064,NA,NA,3.6576,3.10896,1.58496,0.5860512,NA,1.2387816,NA,13.2656656798271,9.9607208710131,4.08931315249655,"Larix occidentalis","Nutt.","Brown 1978","USA","",1.97299731381067,0.00129717114648959,NA,NA
"Brown-LAOC","Brown","LAOC",12,4.318,NA,NA,5.4864,4.99872,1.70688,0.5701752,NA,1.06509816,NA,22.0060529078185,15.8845140854359,7.62541373557542,"Larix occidentalis","Nutt.","Brown 1978","USA","",2.28820990240764,0.00146438461459177,NA,NA
"Brown-LAOC","Brown","LAOC",16,4.826,NA,NA,4.14528,3.59664,1.2192,0.7139664,NA,1.6379496,NA,11.3034135867666,8.15366907995265,2.7992745793862,"Larix occidentalis","Nutt.","Brown 1978","USA","",1.16745403184063,0.00182921399954197,NA,NA
"Brown-LAOC","Brown","LAOC",52,11.938,NA,NA,13.89888,7.25424,2.07264,1.50822,NA,3.4482672,NA,38.3191297039657,27.2313159022602,16.3169240779103,"Larix occidentalis","Nutt.","Brown 1978","USA","",3.37394215201943,0.0111931682132637,NA,NA
"Brown-LAOC","Brown","LAOC",55,16.764,NA,NA,15.27048,8.77824,2.83464,2.9592864,NA,7.5714912,NA,63.9142563187486,45.9033691088057,36.9319207684748,"Larix occidentalis","Nutt.","Brown 1978","USA","",6.31081870086853,0.022072177789487,NA,NA
"Brown-PIAL","Brown","PIAL",26,0.508,NA,NA,1.46304,1.28016,0.48768,0.14701176,NA,0.14601384,NA,1.62510799549894,1.18508531145855,0.159416315029451,"Pinus albicaulis","Engelm.","Brown 1978","USA","",0.186792645094502,2.02682991638999e-05,NA,NA
"Brown-PIAL","Brown","PIAL",45,3.302,NA,NA,2.4384,1.6764,0.82296,0.41100696,NA,0.47700576,NA,3.69471909662225,2.76333431785862,0.594475181464458,"Pinus albicaulis","Engelm.","Brown 1978","USA","",0.531921243257389,0.000856335639674771,NA,NA
"Brown-PIAL","Brown","PIAL",39,3.81,NA,NA,2.98704,2.7432,0.82296,0.5651856,NA,0.65699424,NA,5.77041385372752,4.11773504353963,0.972777569669113,"Pinus albicaulis","Engelm.","Brown 1978","USA","",0.531921243257389,0.00114009182796937,NA,NA
"Brown-PIAL","Brown","PIAL",25,1.016,NA,NA,1.61544,1.40208,0.3048,0.06400296,NA,0.0560196,NA,1.07551040957851,0.748205837826059,0.0682026645401299,"Pinus albicaulis","Engelm.","Brown 1978","USA","",0.0729658769900397,8.10731966555997e-05,NA,NA
"Brown-PIAL","Brown","PIAL",67,2.032,NA,NA,1.9812,1.85928,0.762,0.2930256,NA,0.33099192,NA,3.71420372850813,2.72774057754943,0.565266649041837,"Pinus albicaulis","Engelm.","Brown 1978","USA","",0.456036731187748,0.000324292786622399,NA,NA
"Brown-PIAL","Brown","PIAL",175,16.256,NA,NA,11.70432,8.35152,2.1336,6.223392,NA,8.4206304,NA,45.1468459150678,31.7924656575404,19.9062820459953,"Pinus albicaulis","Engelm.","Brown 1978","USA","",3.57532797251194,0.0207547383438335,NA,NA
"Brown-PIAL","Brown","PIAL",182,18.796,NA,NA,9.05256,6.46176,1.9812,8.713656,NA,12.435388999,NA,32.7680815639912,23.4271318941662,13.2802449192596,"Pinus albicaulis","Engelm.","Brown 1978","USA","",3.08280830282918,0.027747301555379,NA,NA
"Brown-PIAL","Brown","PIAL",6,0,NA,NA,1.0668,0.73152,0.64008,0.03701376,NA,0.04200336,NA,1.41131994883035,1.12458490044442,0.156925435107116,"Pinus albicaulis","Engelm.","Brown 1978","USA","",0.321779517526075,0,NA,NA
"Brown-PIAL","Brown","PIAL",50,4.572,NA,NA,3.048,2.49936,0.6096,0.5347944,NA,0.61902792,NA,3.8521145330763,2.70287514806187,0.486314651503535,"Pinus albicaulis","Engelm.","Brown 1978","USA","",0.291863507960159,0.00164173223227589,NA,NA
"Brown-PIAL","Brown","PIAL",60,5.08,NA,NA,3.44424,2.95656,0.70104,0.5892264,NA,0.69201216,NA,5.23392302938634,3.66452789951008,0.760800722945149,"Pinus albicaulis","Engelm.","Brown 1978","USA","",0.38598948927731,0.00202682991638999,NA,NA
"Brown-PIAL","Brown","PIAL",102,8.382,NA,NA,5.45592,3.2004,1.03632,1.0859184,NA,1.3081824,NA,8.52069800950415,6.1210896154974,1.79966074388717,"Pinus albicaulis","Engelm.","Brown 1978","USA","",0.843485538004859,0.00551804444737175,NA,NA
"Brown-PIAL","Brown","PIAL",63,8.636,NA,NA,4.572,3.38328,1.0668,1.3889232,NA,1.6869384,NA,9.25547249740115,6.63330788711381,2.01605593714004,"Pinus albicaulis","Engelm.","Brown 1978","USA","",0.893831993127986,0.00585753845836707,NA,NA
"Brown-PIAL","Brown","PIAL",152,12.446,NA,NA,7.65048,4.81584,1.3716,3.3942888,NA,4.179924,NA,16.8314027621004,11.9579846265959,4.74379185209012,"Pinus albicaulis","Engelm.","Brown 1978","USA","",1.4775590090483,0.0121660465731309,NA,NA
"Brown-PIAL","Brown","PIAL",150,12.7,NA,NA,5.15112,4.90728,1.31064,4.359096,NA,5.4622512,NA,16.3316158998159,11.5416785919596,4.41373543571451,"Pinus albicaulis","Engelm.","Brown 1978","USA","",1.34913906554583,0.0126676869774374,NA,NA
"Brown-PIAL","Brown","PIAL",15,0,NA,NA,0.762,0.4572,0.39624,0.07198632,NA,0.075978,NA,0.544554508311256,0.433448210976136,0.0375855988280933,"Pinus albicaulis","Engelm.","Brown 1978","USA","",0.123312332113167,0,NA,NA
"Brown-PIAL","Brown","PIAL",14,0,NA,NA,1.34112,1.2192,0.48768,0.13499136,NA,0.13099968,NA,1.55493446488572,1.13925198742698,0.151825061932811,"Pinus albicaulis","Engelm.","Brown 1978","USA","",0.186792645094502,0,NA,NA
"Brown-PIEN","Brown","PIEN",11,1.524,NA,NA,2.01168,2.01168,0.9144,0.5411448,NA,0.30500064,NA,4.87825716407236,3.61982628713936,0.880703972539938,"Picea engelmannii","Parry ex Engelm.","Brown 1978","USA","",0.656692892910357,0.000182414692475099,NA,NA
"Brown-PIEN","Brown","PIEN",14,4.826,NA,NA,2.98704,2.83464,1.8288,3.3738768,NA,3.1969728,NA,14.5210901683645,11.1829532853781,4.96396784522511,"Picea engelmannii","Parry ex Engelm.","Brown 1978","USA","",2.62677157164143,0.00182921399954197,NA,NA
"Brown-PIEN","Brown","PIEN",36,4.826,NA,NA,3.16992,2.52984,1.3716,1.1122272,NA,0.8650152,NA,9.42738912823916,7.12483153217246,2.49199192230051,"Picea engelmannii","Parry ex Engelm.","Brown 1978","USA","",1.4775590090483,0.00182921399954197,NA,NA
"Brown-PIEN","Brown","PIEN",9,2.032,NA,NA,2.34696,2.34696,1.00584,0.653184,NA,0.46103904,NA,6.2181995801897,4.5869043052219,1.24326044123555,"Picea engelmannii","Parry ex Engelm.","Brown 1978","USA","",0.794598400421532,0.000324292786622399,NA,NA
"Brown-PIEN","Brown","PIEN",12,2.794,NA,NA,2.52984,2.52984,1.31064,1.4460768,NA,1.1752776,NA,8.94700389619213,6.72934444219112,2.27540398238698,"Picea engelmannii","Parry ex Engelm.","Brown 1978","USA","",1.34913906554583,0.000613116049707972,NA,NA
"Brown-PIEN","Brown","PIEN",7,0,NA,NA,0.79248,0.79248,0.39624,0.06300504,NA,0.02499336,NA,0.843061543130604,0.631742102356999,0.0651483713020284,"Picea engelmannii","Parry ex Engelm.","Brown 1978","USA","",0.123312332113167,0,NA,NA
"Brown-PIEN","Brown","PIEN",8,0,NA,NA,0.57912,0.57912,0.24384,0.03402,NA,0.01401624,NA,0.371252486389158,0.273376731391266,0.0180292261045213,"Picea engelmannii","Parry ex Engelm.","Brown 1978","USA","",0.0466981612736254,0,NA,NA
"Brown-PIEN","Brown","PIEN",13,0,NA,NA,1.0668,0.9144,0.67056,0.2249856,NA,0.09099216,NA,1.76538910789875,1.37900836758385,0.21528319328754,"Picea engelmannii","Parry ex Engelm.","Brown 1978","USA","",0.353154844631792,0,NA,NA
"Brown-PIEN","Brown","PIEN",12,0,NA,NA,1.09728,1.09728,0.82296,0.1490076,NA,0.06300504,NA,2.61374960704725,2.04683360812575,0.389111027867645,"Picea engelmannii","Parry ex Engelm.","Brown 1978","USA","",0.531921243257389,0,NA,NA
"Brown-PIEN","Brown","PIEN",12,0.762,NA,NA,1.524,1.524,0.762,0.4871664,NA,0.21700224,NA,3.11783115063093,2.33632434303624,0.463333318886752,"Picea engelmannii","Parry ex Engelm.","Brown 1978","USA","",0.456036731187748,4.56036731187748e-05,NA,NA
"Brown-PIEN","Brown","PIEN",17,1.524,NA,NA,1.76784,1.46304,1.09728,0.4699296,NA,0.23101848,NA,4.646665968084,3.63881530333467,0.922337251241826,"Picea engelmannii","Parry ex Engelm.","Brown 1978","USA","",0.945637765790914,0.000182414692475099,NA,NA
"Brown-PIEN","Brown","PIEN",33,17.272,NA,NA,10.42416,7.40664,3.81,18.175752,NA,24.0988608,NA,76.0677007816139,57.1703786251913,56.2949982447404,"Picea engelmannii","Parry ex Engelm.","Brown 1978","USA","",11.4009182796937,0.0234301538334683,NA,NA
"Brown-PIEN","Brown","PIEN",30,5.08,NA,NA,2.92608,2.46888,1.58496,1.964088,NA,1.6139088,NA,10.9504262070712,8.4285351711939,3.24739573874726,"Picea engelmannii","Parry ex Engelm.","Brown 1978","USA","",1.97299731381067,0.00202682991638999,NA,NA
"Brown-PIEN","Brown","PIEN",14,5.842,NA,NA,3.93192,3.93192,1.524,2.9969352,NA,2.3764104,NA,15.6232282758853,11.4118742671531,4.78159985091128,"Picea engelmannii","Parry ex Engelm.","Brown 1978","USA","",1.82414692475099,0.00268048256442576,NA,NA
"Brown-PIEN","Brown","PIEN",20,8.128,NA,NA,4.32816,3.87096,1.58496,3.3489288,NA,3.0468312,NA,16.082768038145,11.8102177741978,5.09159578791237,"Picea engelmannii","Parry ex Engelm.","Brown 1978","USA","",1.97299731381067,0.00518868458595838,NA,NA
"Brown-PIEN","Brown","PIEN",126,22.352,NA,NA,17.526,9.57072,3.44424,30.509136,NA,40.465656,NA,85.3792563498636,61.9280749843294,59.4470140397949,"Picea engelmannii","Parry ex Engelm.","Brown 1978","USA","",9.31701283285817,0.0392394271813102,NA,NA
"Brown-PIEN","Brown","PIEN",153,22.86,NA,NA,17.2212,13.50264,3.44424,16.415784,NA,18.7509168,NA,117.822688709296,82.9607364726987,83.8695134383093,"Picea engelmannii","Parry ex Engelm.","Brown 1978","USA","",9.31701283285817,0.0410433058068973,NA,NA
"Brown-PIMO","Brown","PIMO",10,0,NA,NA,1.0668,1.0668,0.94488,0.1809864,NA,0.07498008,NA,3.04898185331858,2.43288096191215,0.498694917784189,"Pinus monticola"," Dougl. ex D. Don","Brown 1978","USA","",0.701202077874281,0,NA,NA
"Brown-PIMO","Brown","PIMO",6,0,NA,NA,0.85344,0.79248,0.6096,0.12501216,NA,0.06903792,NA,1.40692706581987,1.10490116052218,0.154197328525511,"Pinus monticola"," Dougl. ex D. Don","Brown 1978","USA","",0.291863507960159,0,NA,NA
"Brown-PIMO","Brown","PIMO",4,0,NA,NA,0.85344,0.85344,0.70104,0.0780192,NA,0.05202792,NA,1.77204794419737,1.40196825747189,0.219612579819218,"Pinus monticola"," Dougl. ex D. Don","Brown 1978","USA","",0.38598948927731,0,NA,NA
"Brown-PIMO","Brown","PIMO",9,0.762,NA,NA,1.61544,1.61544,0.9144,0.30999024,NA,0.2469852,NA,4.04104795398328,3.06814613450306,0.707231977948738,"Pinus monticola"," Dougl. ex D. Don","Brown 1978","USA","",0.656692892910357,4.56036731187748e-05,NA,NA
"Brown-PIMO","Brown","PIMO",9,0,NA,NA,0.85344,0.85344,0.70104,0.19699848,NA,0.15299928,NA,1.77204794419737,1.40196825747189,0.219612579819218,"Pinus monticola"," Dougl. ex D. Don","Brown 1978","USA","",0.38598948927731,0,NA,NA
"Brown-PIMO","Brown","PIMO",9,4.064,NA,NA,3.5052,3.2004,1.524,0.948024,NA,0.85485456,NA,13.0098733254474,9.69973094991276,3.89199987864872,"Pinus monticola"," Dougl. ex D. Don","Brown 1978","USA","",1.82414692475099,0.00129717114648959,NA,NA
"Brown-PIMO","Brown","PIMO",10,5.334,NA,NA,3.81,3.81,1.79832,1.1648448,NA,1.2210912,NA,18.255117728842,13.5980613261815,6.45145313217913,"Pinus monticola"," Dougl. ex D. Don","Brown 1978","USA","",2.53994217802328,0.00223457998281997,NA,NA
"Brown-PIMO","Brown","PIMO",31,5.842,NA,NA,3.38328,3.048,1.70688,2.057076,NA,2.3070096,NA,14.2076473805239,10.7746933592974,4.64964252169233,"Pinus monticola"," Dougl. ex D. Don","Brown 1978","USA","",2.28820990240764,0.00268048256442576,NA,NA
"Brown-PIMO","Brown","PIMO",19,6.35,NA,NA,4.51104,3.6576,1.64592,1.431108,NA,1.3408416,NA,15.9460755881344,11.8204720723864,5.18814703823527,"Pinus monticola"," Dougl. ex D. Don","Brown 1978","USA","",2.12768497302956,0.00316692174435936,NA,NA
"Brown-PIMO","Brown","PIMO",17,7.112,NA,NA,4.29768,4.29768,1.8288,3.0010176,NA,3.4332984,NA,20.6867464885736,15.2489488030261,7.52601576534129,"Pinus monticola"," Dougl. ex D. Don","Brown 1978","USA","",2.62677157164143,0.00397258663612438,NA,NA
"Brown-PIMO","Brown","PIMO",55,11.938,NA,NA,8.01624,4.60248,3.29184,4.862592,NA,5.1851016,NA,43.3723442546786,33.7853060904195,26.1136734257842,"Pinus monticola"," Dougl. ex D. Don","Brown 1978","USA","",8.51073989211823,0.0111931682132637,NA,NA
"Brown-PIMO","Brown","PIMO",6,1.016,NA,NA,1.58496,1.58496,0.82296,0.36600984,NA,0.32300856,NA,3.52078606840397,2.64872471676435,0.562049262475488,"Pinus monticola"," Dougl. ex D. Don","Brown 1978","USA","",0.531921243257389,8.10731966555997e-05,NA,NA
"Brown-PIMO","Brown","PIMO",7,1.27,NA,NA,1.64592,1.18872,1.0668,0.39798864,NA,0.3420144,NA,3.85065650155887,3.07714917237111,0.708343977914066,"Pinus monticola"," Dougl. ex D. Don","Brown 1978","USA","",0.893831993127986,0.000126676869774374,NA,NA
"Brown-PIMO","Brown","PIMO",9,2.286,NA,NA,2.286,2.1336,1.2192,0.678132,NA,0.64901088,NA,7.12752302934575,5.41705085308234,1.66058661489012,"Pinus monticola"," Dougl. ex D. Don","Brown 1978","USA","",1.16745403184063,0.000410433058068973,NA,NA
"Brown-PIMO","Brown","PIMO",7,2.54,NA,NA,2.286,2.286,1.0668,0.7312032,NA,0.75202344,NA,6.48828368759346,4.82743893403036,1.36219995752705,"Pinus monticola"," Dougl. ex D. Don","Brown 1978","USA","",0.893831993127986,0.000506707479097498,NA,NA
"Brown-PIMO","Brown","PIMO",11,2.794,NA,NA,2.7432,2.7432,1.3716,0.7448112,NA,0.69201216,NA,10.1017729280442,7.56969087143742,2.70215991574754,"Pinus monticola"," Dougl. ex D. Don","Brown 1978","USA","",1.4775590090483,0.000613116049707972,NA,NA
"Brown-PIMO","Brown","PIMO",11,3.556,NA,NA,2.37744,2.37744,1.34112,0.6209784,NA,0.54799416,NA,8.71764823513857,6.61640085568678,2.23894521019042,"Pinus monticola"," Dougl. ex D. Don","Brown 1978","USA","",1.41261937852717,0.000993146659031096,NA,NA
"Brown-PIMO","Brown","PIMO",15,3.81,NA,NA,2.95656,2.65176,1.58496,0.718956,NA,0.62905248,NA,11.6056732366485,8.86346143994411,3.48794357124706,"Pinus monticola"," Dougl. ex D. Don","Brown 1978","USA","",1.97299731381067,0.00114009182796937,NA,NA
"Brown-PIMO","Brown","PIMO",24,14.732,NA,NA,10.91184,9.906,2.83464,9.375912,NA,11.380824,NA,71.5705854902602,50.8678704608756,41.6766467005358,"Pinus monticola"," Dougl. ex D. Don","Brown 1978","USA","",6.31081870086853,0.0170456395968398,NA,NA
"Brown-PIMO","Brown","PIMO",43,18.796,NA,NA,20.14728,13.8684,1.8288,6.30504,NA,7.38805536,NA,63.0690755895771,42.5526433615621,24.286079242768,"Pinus monticola"," Dougl. ex D. Don","Brown 1978","USA","",2.62677157164143,0.027747301555379,NA,NA
"Brown-PIPO","Brown","PIPO",11,2.032,NA,NA,1.85928,1.46304,1.24968,0.625968,NA,0.50902992,NA,5.47334587236149,4.34944964143605,1.1963340426987,"Pinus ponderosa","Dougl. ex P. &C. Laws.","Brown 1978","USA","",1.22655639220257,0.000324292786622399,NA,NA
"Brown-PIPO","Brown","PIPO",20,2.54,NA,NA,1.79832,1.79832,1.18872,1.2841416,NA,0.5030424,NA,6.01718729488527,4.64634932387556,1.3305301985145,"Pinus ponderosa","Dougl. ex P. &C. Laws.","Brown 1978","USA","",1.1098109890185,0.000506707479097498,NA,NA
"Brown-PIPO","Brown","PIPO",20,4.826,NA,NA,3.048,2.1336,1.64592,1.093176,NA,0.9811368,NA,10.2344905980844,8.04002205302757,3.02641910563724,"Pinus ponderosa","Dougl. ex P. &C. Laws.","Brown 1978","USA","",2.12768497302956,0.00182921399954197,NA,NA
"Brown-PIPO","Brown","PIPO",18,6.604,NA,NA,3.3528,2.5908,1.95072,2.8930608,NA,2.65587336,NA,14.642121856725,11.4713104470444,5.16205210571557,"Pinus ponderosa","Dougl. ex P. &C. Laws.","Brown 1978","USA","",2.98868232151202,0.00342534255869908,NA,NA
"Brown-PIPO","Brown","PIPO",6,3.81,NA,NA,2.95656,2.80416,1.2192,0.4690224,NA,0.40601736,NA,9.01992045832682,6.66317491165019,2.18248526528416,"Pinus ponderosa","Dougl. ex P. &C. Laws.","Brown 1978","USA","",1.16745403184063,0.00114009182796937,NA,NA
"Brown-PIPO","Brown","PIPO",11,4.064,NA,NA,2.37744,2.07264,1.03632,1.0178784,NA,0.88220664,NA,5.76674049620697,4.32126550487983,1.16549457699359,"Pinus ponderosa","Dougl. ex P. &C. Laws.","Brown 1978","USA","",0.843485538004859,0.00129717114648959,NA,NA
"Brown-PIPO","Brown","PIPO",16,9.398,NA,NA,4.23672,3.53568,1.8288,4.0569984,NA,4.38531408,NA,17.4437136347328,13.1177930841784,6.19161580694744,"Pinus ponderosa","Dougl. ex P. &C. Laws.","Brown 1978","USA","",2.62677157164143,0.00693682538884474,NA,NA
"Brown-PIPO","Brown","PIPO",45,11.176,NA,NA,8.62584,6.03504,1.64592,2.918916,NA,2.97194184,NA,25.2504658538014,17.8751093437947,8.5604426130882,"Pinus ponderosa","Dougl. ex P. &C. Laws.","Brown 1978","USA","",2.12768497302956,0.00980985679532756,NA,NA
"Brown-PIPO","Brown","PIPO",59,16.256,NA,NA,11.46048,6.76656,2.286,5.19372,NA,6.9845328,NA,39.8630187212385,28.7461790326744,18.5147994227146,"Pinus ponderosa","Dougl. ex P. &C. Laws.","Brown 1978","USA","",4.10433058068973,0.0207547383438335,NA,NA
"Brown-PIPO","Brown","PIPO",36,19.304,NA,NA,11.82624,8.80872,5.82168,11.652984,NA,20.904156,NA,144.341907022449,111.455695287611,156.317675232733,"Pinus ponderosa","Dougl. ex P. &C. Laws.","Brown 1978","USA","",26.6186815847364,0.0292674239926715,NA,NA
"Brown-PIPO","Brown","PIPO",45,19.812,NA,NA,12.46632,8.65632,3.44424,11.553192,NA,22.2254928,NA,77.9295659246021,57.0672185863,53.7673630168845,"Pinus ponderosa","Dougl. ex P. &C. Laws.","Brown 1978","USA","",9.31701283285817,0.0308280830282918,NA,NA
"Brown-PIPO","Brown","PIPO",57,26.67,NA,NA,15.42288,11.91768,3.93192,18.062352,NA,41.445432,NA,120.54716070307,86.7435496748581,96.4716459520456,"Pinus ponderosa","Dougl. ex P. &C. Laws.","Brown 1978","USA","",12.1422515899125,0.0558644995704991,NA,NA
"Brown-PIPO","Brown","PIPO",78,28.448,NA,NA,22.64664,12.28344,3.3528,21.754656,NA,45.1803744,NA,104.695331897525,74.1201045153461,72.299272412399,"Pinus ponderosa","Dougl. ex P. &C. Laws.","Brown 1978","USA","",8.8288711157948,0.0635613861779901,NA,NA
"Brown-PIPO","Brown","PIPO",85,28.702,NA,NA,20.29968,9.84504,2.52984,12.782448,NA,23.278752,NA,63.1219823467688,44.4710588991567,32.9915118246688,"Pinus ponderosa","Dougl. ex P. &C. Laws.","Brown 1978","USA","",5.02661926584383,0.0647014780059595,NA,NA
"Brown-PIPO","Brown","PIPO",81,35.052,NA,NA,21.97608,11.85672,5.45592,38.356416,NA,84.23352,NA,171.809898161438,127.647542059205,184.798811411367,"Pinus ponderosa","Dougl. ex P. &C. Laws.","Brown 1978","USA","",23.3789966463786,0.0964973723193275,NA,NA
"Brown-PIPO","Brown","PIPO",87,36.068,NA,NA,22.06752,17.09928,5.4864,59.8752,NA,137.272968,NA,240.858965895392,172.887114751065,269.495415597221,"Pinus ponderosa","Dougl. ex P. &C. Laws.","Brown 1978","USA","",23.6409441447728,0.102172496085219,NA,NA
"Brown-PIPO","Brown","PIPO",155,46.228,NA,NA,23.43912,14.1732,5.1816,56.65464,NA,209.681136,NA,190.47036848491,138.357672583371,199.248153787508,"Pinus ponderosa","Dougl. ex P. &C. Laws.","Brown 1978","USA","",21.0871384501215,0.167841785376255,NA,NA
"Brown-PIPO","Brown","PIPO",25,8.128,NA,NA,4.66344,3.10896,1.88976,1.635228,NA,1.44916128,NA,16.2724986663599,12.4503408825216,5.8133578987414,"Pinus ponderosa","Dougl. ex P. &C. Laws.","Brown 1978","USA","",2.80480831149713,0.00518868458595838,NA,NA
"Brown-PIPO","Brown","PIPO",7,8.128,NA,NA,4.23672,4.23672,2.16408,2.4820992,NA,3.43493136,NA,24.6898467268052,18.5424949086435,10.3890301827401,"Pinus ponderosa","Dougl. ex P. &C. Laws.","Brown 1978","USA","",3.6782098590679,0.00518868458595838,NA,NA
"Brown-PIPO","Brown","PIPO",11,0,NA,NA,1.3716,1.3716,0.762,0.24099768,NA,0.19400472,NA,2.85054096144679,2.15993057256578,0.416999986998077,"Pinus ponderosa","Dougl. ex P. &C. Laws.","Brown 1978","USA","",0.456036731187748,0,NA,NA
"Brown-PIPO","Brown","PIPO",7,0,NA,NA,1.31064,1.31064,1.00584,0.2469852,NA,0.20597976,NA,3.8370862128606,3.01258884036219,0.694288298352318,"Pinus ponderosa","Dougl. ex P. &C. Laws.","Brown 1978","USA","",0.794598400421532,0,NA,NA
"Brown-PIPO","Brown","PIPO",7,0,NA,NA,0.70104,0.70104,0.48768,0.08400672,NA,0.06200712,NA,0.972728792016526,0.755379914547959,0.0872994106113662,"Pinus ponderosa","Dougl. ex P. &C. Laws.","Brown 1978","USA","",0.186792645094502,0,NA,NA
"Brown-PIPO","Brown","PIPO",6,0,NA,NA,1.40208,1.00584,0.64008,0.11902464,NA,0.08999424,NA,1.79859603113055,1.38304480837367,0.215772473272285,"Pinus ponderosa","Dougl. ex P. &C. Laws.","Brown 1978","USA","",0.321779517526075,0,NA,NA
"Brown-PIPO","Brown","PIPO",7,1.524,NA,NA,1.6764,1.524,1.24968,0.4708368,NA,0.39703608,NA,5.63821736222647,4.45983906879194,1.24618129447781,"Pinus ponderosa","Dougl. ex P. &C. Laws.","Brown 1978","USA","",1.22655639220257,0.000182414692475099,NA,NA
"Brown-PIPO","Brown","PIPO",6,1.778,NA,NA,1.8288,1.8288,1.15824,0.32799816,NA,0.26798688,NA,5.9120121652199,4.54371078492048,1.28458235994714,"Pinus ponderosa","Dougl. ex P. &C. Laws.","Brown 1978","USA","",1.05362726373617,0.000248286664757774,NA,NA
"Brown-PIPO","Brown","PIPO",6,1.778,NA,NA,1.73736,1.31064,1.00584,0.17200512,NA,0.1390284,NA,3.8370862128606,3.01258884036219,0.694288298352318,"Pinus ponderosa","Dougl. ex P. &C. Laws.","Brown 1978","USA","",0.794598400421532,0.000248286664757774,NA,NA
"Brown-PIPO","Brown","PIPO",14,0,NA,NA,1.18872,0.88392,0.54864,0.0439992,NA,0.01701,NA,1.34837068104941,1.03401425814558,0.139311355656317,"Pinus ponderosa","Dougl. ex P. &C. Laws.","Brown 1978","USA","",0.236409441447729,0,NA,NA
"Brown-PIPO","Brown","PIPO",24,0.762,NA,NA,1.40208,0.42672,0.57912,0.06699672,NA,0.04799088,NA,0.874509622071001,0.732518393094528,0.0749339709969166,"Pinus ponderosa","Dougl. ex P. &C. Laws.","Brown 1978","USA","",0.263406815934043,4.56036731187748e-05,NA,NA
"Brown-PIPO","Brown","PIPO",33,1.016,NA,NA,1.61544,0.94488,0.9144,0.07498008,NA,0.05298048,NA,2.68533521336091,2.16438757013617,0.413663987102092,"Pinus ponderosa","Dougl. ex P. &C. Laws.","Brown 1978","USA","",0.656692892910357,8.10731966555997e-05,NA,NA
"Brown-PIPO","Brown","PIPO",17,2.286,NA,NA,2.07264,1.28016,0.85344,0.37000152,NA,0.31402728,NA,3.08063764158655,2.38104123964185,0.488212464777695,"Pinus ponderosa","Dougl. ex P. &C. Laws.","Brown 1978","USA","",0.572052475601911,0.000410433058068973,NA,NA
"Brown-PIPO","Brown","PIPO",43,2.54,NA,NA,2.98704,1.85928,1.0668,0.21201264,NA,0.18202968,NA,5.43846433388649,4.13515373095161,1.107922632122,"Pinus ponderosa","Dougl. ex P. &C. Laws.","Brown 1978","USA","",0.893831993127986,0.000506707479097498,NA,NA
"Brown-PIPO","Brown","PIPO",48,3.048,NA,NA,2.86512,0.67056,0.9144,0.07089768,NA,0.05098464,NA,2.17449184928443,1.82241269709368,0.293567990846646,"Pinus ponderosa","Dougl. ex P. &C. Laws.","Brown 1978","USA","",0.656692892910357,0.000729658769900397,NA,NA
"Brown-PIPO","Brown","PIPO",11,3.81,NA,NA,2.83464,2.286,0.73152,0.28200312,NA,0.23900184,NA,4.29258888033688,3.0804652251685,0.640511980029046,"Pinus ponderosa","Dougl. ex P. &C. Laws.","Brown 1978","USA","",0.420283451462628,0.00114009182796937,NA,NA
"Brown-PIPO","Brown","PIPO",51,4.572,NA,NA,4.45008,0.97536,1.00584,0.17699472,NA,0.16098264,NA,3.1143816355391,2.52843484310983,0.516679663890097,"Pinus ponderosa","Dougl. ex P. &C. Laws.","Brown 1978","USA","",0.794598400421532,0.00164173223227589,NA,NA
"Brown-PIPO","Brown","PIPO",65,6.858,NA,NA,8.62584,3.47472,1.64592,0.6999048,NA,0.66524976,NA,15.244682250506,11.3597687902715,4.92873968632351,"Pinus ponderosa","Dougl. ex P. &C. Laws.","Brown 1978","USA","",2.12768497302956,0.00369389752262076,NA,NA
"Brown-PIPO","Brown","PIPO",31,7.112,NA,NA,3.38328,2.25552,3.048,0.8931384,NA,2.58406848,NA,24.2819708099629,20.3295270725277,10.9717329912383,"Pinus ponderosa","Dougl. ex P. &C. Laws.","Brown 1978","USA","",7.29658769900397,0.00397258663612438,NA,NA
"Brown-PIPO","Brown","PIPO",48,9.652,NA,NA,6.61416,4.51104,2.65176,1.725948,NA,6.6799404,NA,32.9350225216044,25.1077755294741,16.6090094021365,"Pinus ponderosa","Dougl. ex P. &C. Laws.","Brown 1978","USA","",5.5227872293761,0.00731685599816787,NA,NA
"Brown-PIPO","Brown","PIPO",57,11.176,NA,NA,11.39952,5.73024,1.2192,2.2621032,NA,2.578716,NA,17.5688486834457,12.203445839329,4.45986119427632,"Pinus ponderosa","Dougl. ex P. &C. Laws.","Brown 1978","USA","",1.16745403184063,0.00980985679532756,NA,NA
"Brown-PIPO","Brown","PIPO",65,11.43,NA,NA,11.79576,5.51688,2.1336,1.1548656,NA,0.7130592,NA,30.6829634082307,22.4073896952565,13.1497702566611,"Pinus ponderosa","Dougl. ex P. &C. Laws.","Brown 1978","USA","",3.57532797251194,0.0102608264517243,NA,NA
"Brown-PIPO","Brown","PIPO",75,15.748,NA,NA,16.42872,6.00456,1.6764,2.447172,NA,4.4529912,NA,25.6207479945902,18.1722371189212,8.8355810578428,"Pinus ponderosa","Dougl. ex P. &C. Laws.","Brown 1978","USA","",2.2072177789487,0.0194778354965078,NA,NA
"Brown-PIPO","Brown","PIPO",73,17.526,NA,NA,21.4884,10.5156,1.524,0.36800568,NA,13.226976,NA,39.911981849044,27.063380230645,12.7879996012744,"Pinus ponderosa","Dougl. ex P. &C. Laws.","Brown 1978","USA","",1.82414692475099,0.0241243430798319,NA,NA
"Brown-PIPO","Brown","PIPO",140,20.574,NA,NA,12.28344,5.4864,2.95656,3.0051,NA,14.9728824,NA,44.0288676381619,33.2537558395405,25.1107384170554,"Pinus ponderosa","Dougl. ex P. &C. Laws.","Brown 1978","USA","",6.86535936599283,0.0332450777035868,NA,NA
"Brown-PIPO","Brown","PIPO",76,22.352,NA,NA,16.39824,4.60248,0.97536,1.608012,NA,8.57000088,NA,11.2873606354344,7.83806763695303,2.29255843518544,"Pinus ponderosa","Dougl. ex P. &C. Laws.","Brown 1978","USA","",0.747170580378006,0.0392394271813102,NA,NA
"Brown-PIPO","Brown","PIPO",105,27.432,NA,NA,15.33144,8.16864,4.05384,5.066712,NA,60.2240184,NA,88.8140159287339,66.5002572073815,70.2880647951078,"Pinus ponderosa","Dougl. ex P. &C. Laws.","Brown 1978","USA","",12.9069339807681,0.0591023603619321,NA,NA
"Brown-PIPO","Brown","PIPO",100,48.768,NA,NA,25.146,19.99488,8.0772,88.99632,NA,370.22832,NA,422.774496239333,310.051119898254,683.028928036715,"Pinus ponderosa","Dougl. ex P. &C. Laws.","Brown 1978","USA","",51.2402871162554,0.186792645094502,NA,NA
"Brown-PIPO","Brown","PIPO",72,52.324,NA,NA,26.0604,20.2692,8.13816,120.92976,NA,403.9076664,NA,431.545648439067,316.295417920939,702.890507684104,"Pinus ponderosa","Dougl. ex P. &C. Laws.","Brown 1978","USA","",52.0166440474294,0.215026385829814,NA,NA
"Brown-PIPO","Brown","PIPO",210,53.594,NA,NA,23.37816,9.35736,5.12064,46.40328,NA,217.0621152,NA,130.370571192845,98.6262100740126,128.469622874359,"Pinus ponderosa","Dougl. ex P. &C. Laws.","Brown 1978","USA","",20.5938891216688,0.225591236768997,NA,NA
"Brown-PIPO","Brown","PIPO",210,61.722,NA,NA,23.83536,12.13104,5.9436,66.40704,NA,300.0114936,NA,193.044937153766,144.351843960029,224.386025003717,"Pinus ponderosa","Dougl. ex P. &C. Laws.","Brown 1978","USA","",27.7452747254626,0.299205699332281,NA,NA
"Brown-PIPO","Brown","PIPO",210,64.77,NA,NA,26.60904,11.49096,6.82752,68.40288,NA,429.6803112,NA,216.411613885579,165.171125022209,280.466436908482,"Pinus ponderosa","Dougl. ex P. &C. Laws.","Brown 1978","USA","",36.6113584385223,0.329486538283148,NA,NA
"Brown-PIPO","Brown","PIPO",210,71.882,NA,NA,23.89632,16.06296,9.47928,74.25432,NA,624.8507832,NA,419.510639024951,319.94573507833,755.744340489472,"Pinus ponderosa","Dougl. ex P. &C. Laws.","Brown 1978","USA","",70.5733258835363,0.405816952934395,NA,NA
"Brown-PIPO","Brown","PIPO",217,79.502,NA,NA,34.38144,23.9268,12.22248,95.80032,NA,536.97168,NA,787.523859651192,591.448264203664,1871.55206057895,"Pinus ponderosa","Dougl. ex P. &C. Laws.","Brown 1978","USA","",117.329859858754,0.496416250197027,NA,NA
"Brown-PIPO","Brown","PIPO",181,80.01,NA,NA,36.8808,27.18816,10.57656,184.79664,NA,821.138472,NA,749.989354616257,548.016399096872,1592.45553349442,"Pinus ponderosa","Dougl. ex P. &C. Laws.","Brown 1978","USA","",87.8574828249369,0.502780496134492,NA,NA
"Brown-PIPO","Brown","PIPO",192,86.36,NA,NA,44.01312,26.18232,9.02208,227.2536,NA,1092.536424,NA,609.6804020265,440.448760668282,1115.88668691368,"Pinus ponderosa","Dougl. ex P. &C. Laws.","Brown 1978","USA","",63.9297827835932,0.585753845836707,NA,NA
"Brown-PIPO","Brown","PIPO",113,30.734,NA,NA,20.45208,13.35024,4.66344,8.563968,NA,51.1506576,NA,160.861083454424,116.355708597186,152.019913980069,"Pinus ponderosa","Dougl. ex P. &C. Laws.","Brown 1978","USA","",17.0805821445984,0.0741870420146647,NA,NA
"Brown-PSME","Brown","PSME",17,0,NA,NA,1.28016,1.28016,0.88392,0.30899232,NA,0.31402728,NA,3.21432178390815,2.49403709841752,0.523707503670971,"Pseudotsuga menziesii var. glauca","(Mirb.) Franco","Brown 1978","USA","",0.613643025486234,0,NA,NA
"Brown-PSME","Brown","PSME",8,0,NA,NA,1.3716,1.18872,0.762,0.09199008,NA,0.06999048,NA,2.53408694543675,1.95016785089089,0.361399988731667,"Pseudotsuga menziesii var. glauca","(Mirb.) Franco","Brown 1978","USA","",0.456036731187748,0,NA,NA
"Brown-PSME","Brown","PSME",6,0,NA,NA,1.12776,1.12776,0.762,0.127008,NA,0.07198632,NA,2.42988214722817,1.88085779822676,0.342866655976196,"Pseudotsuga menziesii var. glauca","(Mirb.) Franco","Brown 1978","USA","",0.456036731187748,0,NA,NA
"Brown-PSME","Brown","PSME",10,1.016,NA,NA,2.07264,2.07264,1.28016,0.9121896,NA,1.03194,NA,7.37053223090075,5.64914977239536,1.77848826454732,"Pseudotsuga menziesii var. glauca","(Mirb.) Franco","Brown 1978","USA","",1.2871180701043,8.10731966555997e-05,NA,NA
"Brown-PSME","Brown","PSME",8,0,NA,NA,1.3716,1.3716,0.67056,0.23501016,NA,0.19400472,NA,2.4617827244946,1.84041636614909,0.322924789931311,"Pseudotsuga menziesii var. glauca","(Mirb.) Franco","Brown 1978","USA","",0.353154844631792,0,NA,NA
"Brown-PSME","Brown","PSME",10,1.27,NA,NA,1.88976,1.88976,1.09728,0.38401776,NA,0.37099944,NA,5.69704300884156,4.33732782308001,1.19135228285403,"Pseudotsuga menziesii var. glauca","(Mirb.) Franco","Brown 1978","USA","",0.945637765790914,0.000126676869774374,NA,NA
"Brown-PSME","Brown","PSME",18,1.778,NA,NA,2.16408,1.6764,1.31064,0.746172,NA,0.80904096,NA,6.42474126849585,5.0547498310162,1.50779781965402,"Pseudotsuga menziesii var. glauca","(Mirb.) Franco","Brown 1978","USA","",1.34913906554583,0.000248286664757774,NA,NA
"Brown-PSME","Brown","PSME",12,2.54,NA,NA,2.86512,2.77368,1.46304,1.1389896,NA,1.329048,NA,10.9790662513698,8.27339432794313,3.1086181430743,"Pseudotsuga menziesii var. glauca","(Mirb.) Franco","Brown 1978","USA","",1.68113380585051,0.000506707479097498,NA,NA
"Brown-PSME","Brown","PSME",10,3.048,NA,NA,2.77368,2.62128,1.28016,0.9430344,NA,0.9961056,NA,8.98050648302679,6.71304594024336,2.24926456986867,"Pseudotsuga menziesii var. glauca","(Mirb.) Franco","Brown 1978","USA","",1.2871180701043,0.000729658769900397,NA,NA
"Brown-PSME","Brown","PSME",15,4.826,NA,NA,3.47472,3.47472,2.04216,2.6091072,NA,2.9996568,NA,19.5362599937656,14.8930012922253,7.58748712342463,"Pseudotsuga menziesii var. glauca","(Mirb.) Franco","Brown 1978","USA","",3.27543821808288,0.00182921399954197,NA,NA
"Brown-PSME","Brown","PSME",30,5.588,NA,NA,4.38912,3.38328,1.8288,1.7359272,NA,1.9931184,NA,16.8024500969362,12.694539714978,5.92473581526867,"Pseudotsuga menziesii var. glauca","(Mirb.) Franco","Brown 1978","USA","",2.62677157164143,0.00245246419883189,NA,NA
"Brown-PSME","Brown","PSME",12,5.588,NA,NA,3.47472,3.23088,1.49352,1.9840464,NA,2.3351328,NA,12.8230556300832,9.5314333133914,3.77347550901093,"Pseudotsuga menziesii var. glauca","(Mirb.) Franco","Brown 1978","USA","",1.75191070653085,0.00245246419883189,NA,NA
"Brown-PSME","Brown","PSME",22,6.096,NA,NA,4.29768,3.99288,2.286,3.2641056,NA,4.0352256,NA,25.0179529883733,19.0180118854841,10.9253996593496,"Pseudotsuga menziesii var. glauca","(Mirb.) Franco","Brown 1978","USA","",4.10433058068973,0.00291863507960159,NA,NA
"Brown-PSME","Brown","PSME",14,6.35,NA,NA,4.29768,4.29768,1.88976,4.735584,NA,5.7761424,NA,21.4546441817198,15.8668536733272,8.03611238943664,"Pseudotsuga menziesii var. glauca","(Mirb.) Franco","Brown 1978","USA","",2.80480831149713,0.00316692174435936,NA,NA
"Brown-PSME","Brown","PSME",25,8.128,NA,NA,6.12648,4.84632,1.88976,0.8160264,NA,0.94317048,NA,23.8917170481536,17.4616351663717,9.06199907744983,"Pseudotsuga menziesii var. glauca","(Mirb.) Franco","Brown 1978","USA","",2.80480831149713,0.00518868458595838,NA,NA
"Brown-PSME","Brown","PSME",88,14.478,NA,NA,10.39368,7.65048,2.49936,7.579656,NA,9.341892,NA,49.1551398683097,35.3399689828052,25.0233203931144,"Pseudotsuga menziesii var. glauca","(Mirb.) Franco","Brown 1978","USA","",4.90622556881027,0.0164629259958777,NA,NA
"Brown-PSME","Brown","PSME",71,19.05,NA,NA,13.59408,7.37616,2.98704,11.643912,NA,14.9656248,NA,57.6910019549354,42.3191428864431,34.4596631388923,"Pseudotsuga menziesii var. glauca","(Mirb.) Franco","Brown 1978","USA","",7.00764282612341,0.0285022956992343,NA,NA
"Brown-PSME","Brown","PSME",25,1.27,NA,NA,1.76784,1.43256,1.2192,0.607824,NA,0.6840288,NA,5.22329693342908,4.14903654916538,1.11496529856908,"Pseudotsuga menziesii var. glauca","(Mirb.) Franco","Brown 1978","USA","",1.16745403184063,0.000126676869774374,NA,NA
"Brown-PSME","Brown","PSME",75,27.178,NA,NA,20.69592,9.23544,3.07848,16.071048,NA,25.569432,NA,73.1952575944544,52.7187659124064,45.8277870511046,"Pseudotsuga menziesii var. glauca","(Mirb.) Franco","Brown 1978","USA","",7.44324911175395,0.0580129392818725,NA,NA
"Brown-PSME","Brown","PSME",203,54.864,NA,NA,28.0416,16.27632,5.85216,73.75536,NA,178.496136,NA,246.691501297548,178.917634084249,291.868499059636,"Pseudotsuga menziesii var. glauca","(Mirb.) Franco","Brown 1978","USA","",26.8981408936082,0.236409441447729,NA,NA
"Brown-PSME","Brown","PSME",181,63.5,NA,NA,32.40024,18.83664,8.5344,95.39208,NA,248.9338656,NA,426.164446879521,316.124049194605,718.369769601465,"Pseudotsuga menziesii var. glauca","(Mirb.) Franco","Brown 1978","USA","",57.2052475601911,0.316692174435936,NA,NA
"Brown-PSME","Brown","PSME",210,67.056,NA,NA,28.13304,19.44624,6.15696,77.38416,NA,225.797544,NA,307.114986032863,220.186060833331,385.981889618544,"Pseudotsuga menziesii var. glauca","(Mirb.) Franco","Brown 1978","USA","",29.7729964470158,0.353154844631792,NA,NA
"Brown-PSME","Brown","PSME",219,71.882,NA,NA,43.49496,24.90216,6.12648,115.75872,NA,277.51248,NA,385.869401614458,270.93000233462,489.392919460889,"Pseudotsuga menziesii var. glauca","(Mirb.) Franco","Brown 1978","USA","",29.4789439627459,0.405816952934395,NA,NA
"Brown-PSME","Brown","PSME",210,77.47,NA,NA,34.41192,26.18232,6.52272,152.54568,NA,503.40528,NA,432.190748659738,303.749120220535,583.262722720726,"Pseudotsuga menziesii var. glauca","(Mirb.) Franco","Brown 1978","USA","",33.4154530263586,0.471364632430447,NA,NA
"Brown-PSME","Brown","PSME",262,86.106,NA,NA,41.4528,21.57984,9.11352,108.36504,NA,299.416824,NA,517.213558053861,380.970126009448,938.467300018896,"Pseudotsuga menziesii var. glauca","(Mirb.) Franco","Brown 1978","USA","",65.2322236878654,0.582313302053635,NA,NA
"Brown-PSME","Brown","PSME",24,2.54,NA,NA,2.8956,1.6764,1.09728,0.25601184,NA,0.25002432,NA,5.1674724374198,3.98589182433375,1.05684476704793,"Pseudotsuga menziesii var. glauca","(Mirb.) Franco","Brown 1978","USA","",0.945637765790914,0.000506707479097498,NA,NA
"Brown-PSME","Brown","PSME",46,4.064,NA,NA,4.75488,1.8288,1.43256,0.34401024,NA,0.73102176,NA,7.66452822604373,6.03148178312189,1.965126338728,"Pseudotsuga menziesii var. glauca","(Mirb.) Franco","Brown 1978","USA","",1.61181622270998,0.00129717114648959,NA,NA
"Brown-PSME","Brown","PSME",40,4.318,NA,NA,3.38328,2.46888,1.6764,0.9679824,NA,1.195236,NA,11.7149553584212,9.07294332166905,3.63290388672724,"Pseudotsuga menziesii var. glauca","(Mirb.) Franco","Brown 1978","USA","",2.2072177789487,0.00146438461459177,NA,NA
"Brown-PSME","Brown","PSME",51,5.334,NA,NA,4.75488,1.8288,1.3716,0.7039872,NA,1.0618776,NA,7.26041557513125,5.68564891146042,1.80143994383169,"Pseudotsuga menziesii var. glauca","(Mirb.) Franco","Brown 1978","USA","",1.4775590090483,0.00223457998281997,NA,NA
"Brown-PSME","Brown","PSME",43,6.35,NA,NA,5.42544,2.286,1.03632,0.7829136,NA,0.96022584,NA,6.28059193535917,4.65914299181735,1.2854719599194,"Pseudotsuga menziesii var. glauca","(Mirb.) Franco","Brown 1978","USA","",0.843485538004859,0.00316692174435936,NA,NA
"Brown-PSME","Brown","PSME",85,24.892,NA,NA,17.95272,9.11352,5.88264,20.947248,NA,30.599856,NA,150.188426001793,115.669190254107,165.131268344594,"Pseudotsuga menziesii var. glauca","(Mirb.) Franco","Brown 1978","USA","",27.1790595200199,0.0486641862925237,NA,NA
"Brown-PSME","Brown","PSME",28,0,NA,NA,1.15824,0.33528,1.00584,0.05298048,NA,0.0390096,NA,1.91933932012157,1.74958682579537,0.177608634462221,"Pseudotsuga menziesii var. glauca","(Mirb.) Franco","Brown 1978","USA","",0.794598400421532,0,NA,NA
"Brown-PSME","Brown","PSME",15,0,NA,NA,1.12776,0.67056,0.88392,0.12102048,NA,0.12301632,NA,2.07064929970463,1.72872230160421,0.274322978113366,"Pseudotsuga menziesii var. glauca","(Mirb.) Franco","Brown 1978","USA","",0.613643025486234,0,NA,NA
"Brown-PSME","Brown","PSME",12,0,NA,NA,1.2192,1.12776,0.9144,0.17499888,NA,0.13099968,NA,3.04379538356787,2.40458739217354,0.493727984605723,"Pseudotsuga menziesii var. glauca","(Mirb.) Franco","Brown 1978","USA","",0.656692892910357,0,NA,NA
"Brown-PSME","Brown","PSME",12,0,NA,NA,1.09728,0.79248,0.6096,0.06699672,NA,0.04998672,NA,1.40692706581987,1.10490116052218,0.154197328525511,"Pseudotsuga menziesii var. glauca","(Mirb.) Franco","Brown 1978","USA","",0.291863507960159,0,NA,NA
"Brown-PSME","Brown","PSME",14,1.524,NA,NA,2.34696,1.55448,0.85344,0.1369872,NA,0.10301256,NA,3.61146673777486,2.73304899253411,0.592829421515772,"Pseudotsuga menziesii var. glauca","(Mirb.) Franco","Brown 1978","USA","",0.572052475601911,0.000182414692475099,NA,NA
"Brown-PSME","Brown","PSME",35,2.286,NA,NA,2.01168,0.762,1.0668,0.28499688,NA,0.32700024,NA,2.91758663258557,2.45249055530497,0.454066652509017,"Pseudotsuga menziesii var. glauca","(Mirb.) Franco","Brown 1978","USA","",0.893831993127986,0.000410433058068973,NA,NA
"Brown-PSME","Brown","PSME",26,2.286,NA,NA,2.52984,1.03632,1.00584,0.18198432,NA,0.15599304,NA,3.24279483833303,2.61457522858773,0.548972142883228,"Pseudotsuga menziesii var. glauca","(Mirb.) Franco","Brown 1978","USA","",0.794598400421532,0.000410433058068973,NA,NA
"Brown-PSME","Brown","PSME",75,27.178,NA,NA,11.00328,8.32104,5.39496,24.01812,NA,76.40892,NA,125.870674102436,96.9878637352528,126.809762766113,"Pseudotsuga menziesii var. glauca","(Mirb.) Franco","Brown 1978","USA","",22.8594796022095,0.0580129392818725,NA,NA
"Brown-PSME","Brown","PSME",77,28.448,NA,NA,25.17648,11.76528,2.49936,8.817984,NA,17.4758472,NA,73.9440326001876,51.356377316522,38.4820783734747,"Pseudotsuga menziesii var. glauca","(Mirb.) Franco","Brown 1978","USA","",4.90622556881027,0.0635613861779901,NA,NA
"Brown-PSME","Brown","PSME",59,10.668,NA,NA,13.38072,6.49224,1.79832,1.9409544,NA,2.7660528,NA,29.7033917066684,21.0542382556962,10.9932761372332,"Pseudotsuga menziesii var. glauca","(Mirb.) Franco","Brown 1978","USA","",2.53994217802328,0.00893831993127986,NA,NA
"Brown-PSME","Brown","PSME",85,17.018,NA,NA,17.49552,12.61872,1.6764,3.5339976,NA,6.0746112,NA,52.6095639591755,35.5091048284403,18.5681754210504,"Pseudotsuga menziesii var. glauca","(Mirb.) Franco","Brown 1978","USA","",2.2072177789487,0.0227460987366867,NA,NA
"Brown-PSME","Brown","PSME",74,17.526,NA,NA,14.66088,9.41832,3.41376,11.494224,NA,20.7059328,NA,83.3264839354838,60.4795840278649,57.4695815681172,"Pseudotsuga menziesii var. glauca","(Mirb.) Franco","Brown 1978","USA","",9.15283960963058,0.0241243430798319,NA,NA
"Brown-PSME","Brown","PSME",38,10.414,NA,NA,9.20496,2.65176,1.9812,1.7971632,NA,2.7991656,NA,15.1926194633975,11.8922625614034,5.44991183007353,"Pseudotsuga menziesii var. glauca","(Mirb.) Franco","Brown 1978","USA","",3.08280830282918,0.00851775272362894,NA,NA
"Brown-PSME","Brown","PSME",89,20.828,NA,NA,16.06296,11.33856,3.3528,15.322608,NA,28.0578816,NA,97.0843865429833,69.1932884629931,66.7377899191375,"Pseudotsuga menziesii var. glauca","(Mirb.) Franco","Brown 1978","USA","",8.8288711157948,0.0340710108945157,NA,NA
"Brown-PSME","Brown","PSME",145,21.844,NA,NA,14.53896,8.6868,4.23672,9.085608,NA,22.865976,NA,98.4770859624456,73.6027135809027,81.6428150544037,"Pseudotsuga menziesii var. glauca","(Mirb.) Franco","Brown 1978","USA","",14.0977370932456,0.0374760851540509,NA,NA
"Brown-PSME","Brown","PSME",74,25.908,NA,NA,23.4696,8.16864,3.38328,6.790392,NA,14.58324,NA,72.531685338372,53.3230124179924,48.9580669535035,"Pseudotsuga menziesii var. glauca","(Mirb.) Franco","Brown 1978","USA","",8.99012570394279,0.0527178461253037,NA,NA
"Brown-PSME","Brown","PSME",76,19.05,NA,NA,21.30552,14.23416,1.55448,3.7689624,NA,7.3741752,NA,54.8935190332365,36.7061844976292,18.0094621584709,"Pseudotsuga menziesii var. glauca","(Mirb.) Franco","Brown 1978","USA","",1.89784246051093,0.0285022956992343,NA,NA
"Brown-THPL","Brown","THPL",6,0,NA,NA,1.12776,1.12776,0.9144,0.1759968,NA,0.07602336,NA,3.04379538356787,2.40458739217354,0.493727984605723,"Thuja plicata","Donn ex D. Don","Brown 1978","USA","",0.656692892910357,0,NA,NA
"Brown-THPL","Brown","THPL",7,0.254,NA,NA,1.64592,1.64592,1.00584,0.30001104,NA,0.14800968,NA,4.58981700122975,3.51379072952099,0.871896932814539,"Thuja plicata","Donn ex D. Don","Brown 1978","USA","",0.794598400421532,5.06707479097498e-06,NA,NA
"Brown-THPL","Brown","THPL",6,1.016,NA,NA,1.8288,1.73736,1.0668,0.14601384,NA,0.06300504,NA,5.14294372427174,3.93929213017998,1.03527196772056,"Thuja plicata","Donn ex D. Don","Brown 1978","USA","",0.893831993127986,8.10731966555997e-05,NA,NA
"Brown-THPL","Brown","THPL",6,0,NA,NA,0.54864,0.54864,0.42672,0.02998296,NA,0.02998296,NA,0.683692186278992,0.5375905617599,0.0523084783690387,"Thuja plicata","Donn ex D. Don","Brown 1978","USA","",0.143013118900478,0,NA,NA
"Brown-THPL","Brown","THPL",3,0,NA,NA,1.09728,1.09728,0.88392,0.1589868,NA,0.04000752,NA,2.8579417602555,2.25610880631207,0.44889214600369,"Thuja plicata","Donn ex D. Don","Brown 1978","USA","",0.613643025486234,0,NA,NA
"Brown-THPL","Brown","THPL",26,0,NA,NA,1.2192,0.64008,0.82296,0.12800592,NA,0.07402752,NA,1.82049963977992,1.51558056085542,0.226981432922793,"Thuja plicata","Donn ex D. Don","Brown 1978","USA","",0.531921243257389,0,NA,NA
"Brown-THPL","Brown","THPL",24,0,NA,NA,1.12776,0.9144,1.12776,0.13998096,NA,0.06999048,NA,3.50235367079911,2.90197840380245,0.608931181013725,"Thuja plicata","Donn ex D. Don","Brown 1978","USA","",0.998902855993643,0,NA,NA
"Brown-THPL","Brown","THPL",16,0,NA,NA,1.28016,1.12776,1.64592,0.13399344,NA,0.06699672,NA,6.7931749938829,5.7371788058698,1.59967867012254,"Thuja plicata","Donn ex D. Don","Brown 1978","USA","",2.12768497302956,0,NA,NA
"Brown-THPL","Brown","THPL",24,0,NA,NA,1.31064,0.88392,1.92024,0.17899056,NA,0.10196928,NA,7.74299780125273,6.83243356366332,1.70656410678989,"Thuja plicata","Donn ex D. Don","Brown 1978","USA","",2.89601565773467,0,NA,NA
"Brown-THPL","Brown","THPL",55,0.254,NA,NA,1.58496,0.9144,1.46304,0.24798312,NA,0.1199772,NA,5.12377053372366,4.3722609605028,1.02481916804647,"Thuja plicata","Donn ex D. Don","Brown 1978","USA","",1.68113380585051,5.06707479097498e-06,NA,NA
"Brown-THPL","Brown","THPL",26,0.762,NA,NA,1.43256,0.762,1.31064,0.15699096,NA,0.07797384,NA,3.97358929136279,3.41824614244126,0.685362645297284,"Thuja plicata","Donn ex D. Don","Brown 1978","USA","",1.34913906554583,4.56036731187748e-05,NA,NA
"Brown-THPL","Brown","THPL",50,1.27,NA,NA,1.76784,1.00584,1.3716,0.15100344,NA,0.08999424,NA,4.89260666088997,4.10042856846079,0.99079196910743,"Thuja plicata","Donn ex D. Don","Brown 1978","USA","",1.4775590090483,0.000126676869774374,NA,NA
"Brown-THPL","Brown","THPL",21,1.524,NA,NA,2.4384,1.85928,1.2192,0.30200688,NA,0.17499888,NA,6.37032760348429,4.91469050847765,1.4470826215471,"Thuja plicata","Donn ex D. Don","Brown 1978","USA","",1.16745403184063,0.000182414692475099,NA,NA
"Brown-THPL","Brown","THPL",37,1.778,NA,NA,1.88976,1.03632,1.31064,0.34999776,NA,0.19600056,NA,4.66145721774256,3.87343963805361,0.932093197604305,"Thuja plicata","Donn ex D. Don","Brown 1978","USA","",1.34913906554583,0.000248286664757774,NA,NA
"Brown-THPL","Brown","THPL",40,3.302,NA,NA,3.16992,2.25552,1.55448,1.0491768,NA,0.6670188,NA,9.95565111159808,7.72312958385551,2.85374775102108,"Thuja plicata","Donn ex D. Don","Brown 1978","USA","",1.89784246051093,0.000856335639674771,NA,NA
"Brown-THPL","Brown","THPL",43,3.556,NA,NA,3.13944,2.56032,1.61544,0.9688896,NA,0.63499464,NA,11.535644124339,8.86212782557708,3.49844085091976,"Thuja plicata","Donn ex D. Don","Brown 1978","USA","",2.04961148465021,0.000993146659031096,NA,NA
"Brown-THPL","Brown","THPL",64,8.89,NA,NA,6.12648,3.56616,2.4384,2.7030024,NA,1.9840464,NA,24.649579304435,19.1052329844441,11.1022076538368,"Thuja plicata","Donn ex D. Don","Brown 1978","USA","",4.66981612736254,0.00620716661894435,NA,NA
"Brown-THPL","Brown","THPL",70,9.398,NA,NA,7.10184,3.99288,3.38328,2.9901312,NA,2.413152,NA,40.350660183439,32.0359075025998,23.9309954138394,"Thuja plicata","Donn ex D. Don","Brown 1978","USA","",8.99012570394279,0.00693682538884474,NA,NA
"Brown-THPL","Brown","THPL",57,10.16,NA,NA,6.7056,5.05968,3.9624,5.19372,NA,3.9200112,NA,58.6488744836227,46.1514925748663,41.5947293697566,"Thuja plicata","Donn ex D. Don","Brown 1978","USA","",12.3312332113167,0.00810731966555996,NA,NA
"Brown-THPL","Brown","THPL",58,12.192,NA,NA,8.8392,3.9624,1.76784,5.003208,NA,5.2009776,NA,18.535812099855,13.7282817086337,6.48399766449774,"Thuja plicata","Donn ex D. Don","Brown 1978","USA","",2.45457210194493,0.0116745403184063,NA,NA
"Brown-THPL","Brown","THPL",71,15.24,NA,NA,13.31976,8.29056,4.17576,10.04724,NA,10.5951888,NA,93.0410177861297,69.7729240114649,75.6926218532621,"Thuja plicata","Donn ex D. Don","Brown 1978","USA","",13.6949654522605,0.0182414692475099,NA,NA
"Brown-THPL","Brown","THPL",72,16.764,NA,NA,13.2588,6.37032,4.4196,9.394056,NA,12.0031632,NA,80.0578972567161,62.1509618025037,65.1517073019244,"Thuja plicata","Donn ex D. Don","Brown 1978","USA","",15.3410756371558,0.022072177789487,NA,NA
"Brown-THPL","Brown","THPL",15,2.032,NA,NA,2.34696,2.34696,1.46304,0.6060096,NA,0.3710448,NA,9.55482934056016,7.33069464946328,2.63036919798595,"Thuja plicata","Donn ex D. Don","Brown 1978","USA","",1.68113380585051,0.000324292786622399,NA,NA
"Brown-THPL","Brown","THPL",10,2.032,NA,NA,2.49936,2.49936,1.18872,0.4721976,NA,0.31702104,NA,7.92362724578953,5.90685306042282,1.84921146234219,"Thuja plicata","Donn ex D. Don","Brown 1978","USA","",1.1098109890185,0.000324292786622399,NA,NA
"Brown-THPL","Brown","THPL",11,2.032,NA,NA,2.40792,2.40792,1.55448,0.40601736,NA,0.26798688,NA,10.4861597995039,8.07614229935978,3.04656854500899,"Thuja plicata","Donn ex D. Don","Brown 1978","USA","",1.89784246051093,0.000324292786622399,NA,NA
"Brown-THPL","Brown","THPL",20,3.302,NA,NA,3.01752,3.01752,2.04216,1.6288776,NA,1.16198712,NA,17.4301247538456,13.4942533351174,6.58913355455297,"Thuja plicata","Donn ex D. Don","Brown 1978","USA","",3.27543821808288,0.000856335639674771,NA,NA
"Brown-THPL","Brown","THPL",52,3.81,NA,NA,3.07848,1.79832,1.6764,0.8409744,NA,0.58201416,NA,9.25992668525727,7.43183570326105,2.64618925082602,"Thuja plicata","Donn ex D. Don","Brown 1978","USA","",2.2072177789487,0.00114009182796937,NA,NA
"Brown-THPL","Brown","THPL",19,4.572,NA,NA,3.84048,3.84048,2.19456,1.9341504,NA,1.36687824,NA,23.0931746150802,17.5512447639868,9.68454113803917,"Thuja plicata","Donn ex D. Don","Brown 1978","USA","",3.78255106316366,0.00164173223227589,NA,NA
"Brown-THPL","Brown","THPL",13,5.08,NA,NA,3.59664,3.59664,2.56032,2.5442424,NA,1.8402552,NA,26.3337768781288,20.5021662066641,12.3448008950931,"Thuja plicata","Donn ex D. Don","Brown 1978","USA","",5.1484722804172,0.00202682991638999,NA,NA
"Brown-THPL","Brown","THPL",16,5.334,NA,NA,4.93776,4.63296,1.55448,1.6370424,NA,1.17396216,NA,18.5500467472928,13.3685614336105,5.86175213723249,"Thuja plicata","Donn ex D. Don","Brown 1978","USA","",1.89784246051093,0.00223457998281997,NA,NA
"Brown-THPL","Brown","THPL",17,8.636,NA,NA,6.06552,6.06552,3.32232,5.883192,NA,4.325076,NA,54.8371494724827,41.4887678777181,35.0549686136642,"Thuja plicata","Donn ex D. Don","Brown 1978","USA","",8.66907584518661,0.00585753845836707,NA,NA
"Brown-THPL","Brown","THPL",51,9.144,NA,NA,6.43128,4.60248,2.52984,3.5281008,NA,2.5737264,NA,31.7023654669234,23.994416898463,15.4232764257739,"Thuja plicata","Donn ex D. Don","Brown 1978","USA","",5.02661926584383,0.00656692892910357,NA,NA
"Brown-THPL","Brown","THPL",27,9.398,NA,NA,6.12648,6.12648,2.5908,6.527304,NA,4.7709648,NA,41.7487442765719,30.755471270993,21.53165532865,"Thuja plicata","Donn ex D. Don","Brown 1978","USA","",5.27178461253037,0.00693682538884474,NA,NA
"Brown-THPL","Brown","THPL",48,10.668,NA,NA,7.40664,5.76072,2.4384,6.019272,NA,4.4040024,NA,36.9508081106776,27.2234447736002,17.9343354408133,"Thuja plicata","Donn ex D. Don","Brown 1978","USA","",4.66981612736254,0.00893831993127986,NA,NA
"Brown-THPL","Brown","THPL",150,15.494,NA,NA,15.24,7.28472,3.41376,5.030424,NA,4.232088,NA,66.197837858153,49.2738237954663,44.4505825073787,"Thuja plicata","Donn ex D. Don","Brown 1978","USA","",9.15283960963058,0.0188545852972179,NA,NA
"Brown-THPL","Brown","THPL",80,20.32,NA,NA,13.47216,11.5824,5.42544,18.647496,NA,18.4429224,NA,167.266273537026,124.497903611418,178.511874967391,"Thuja plicata","Donn ex D. Don","Brown 1978","USA","",23.1185084655242,0.0324292786622399,NA,NA
"Brown-THPL","Brown","THPL",84,26.924,NA,NA,20.60448,15.6972,4.81584,24.036264,NA,23.432976,NA,193.501238430554,138.348834607629,190.618440989913,"Thuja plicata","Donn ex D. Don","Brown 1978","USA","",18.2152015317935,0.0569336523513948,NA,NA
"Brown-THPL","Brown","THPL",171,47.244,NA,NA,30.81528,24.62784,5.88264,62.50608,NA,91.10556,NA,365.958003546074,256.368134298577,446.241019473018,"Thuja plicata","Donn ex D. Don","Brown 1978","USA","",27.1790595200199,0.17530051946857,NA,NA
"Brown-THPL","Brown","THPL",237,53.34,NA,NA,32.06496,23.1648,7.9248,70.12656,NA,115.654392,NA,473.543833819027,341.874243978546,761.734802916025,"Thuja plicata","Donn ex D. Don","Brown 1978","USA","",49.3249328452668,0.223457998281997,NA,NA
"Brown-THPL","Brown","THPL",210,58.166,NA,NA,35.72256,29.93136,9.26592,113.12784,NA,209.363616,NA,710.329452333784,508.267182546784,1345.55720263263,"Thuja plicata","Donn ex D. Don","Brown 1978","USA","",67.4321448791151,0.265722469113519,NA,NA
"Brown-THPL","Brown","THPL",210,66.802,NA,NA,32.70504,25.69464,7.34568,96.57144,NA,206.503668,NA,481.048893402628,341.872213646862,725.947426645197,"Thuja plicata","Donn ex D. Don","Brown 1978","USA","",42.3793110145849,0.350484496216948,NA,NA
"Brown-THPL","Brown","THPL",210,67.564,NA,NA,38.5572,24.44496,7.0104,102.60432,NA,185.127768,NA,436.843253954135,310.53796259164,629.033175053618,"Thuja plicata","Donn ex D. Don","Brown 1978","USA","",38.598948927731,0.358525943910225,NA,NA
"Brown-THPL","Brown","THPL",162,21.844,NA,NA,15.75816,8.382,5.57784,11.6802,NA,18.6470424,NA,131.781556666286,101.834199729147,136.545811742546,"Thuja plicata","Donn ex D. Don","Brown 1978","USA","",24.4355425451944,0.0374760851540509,NA,NA
"Brown-THPL","Brown","THPL",74,26.162,NA,NA,15.78864,11.52144,6.03504,25.6284,NA,63.862344,NA,187.927321103823,141.510543519304,219.718027069264,"Thuja plicata","Donn ex D. Don","Brown 1978","USA","",28.6055424151752,0.0537565964574535,NA,NA
"Brown-THPL","Brown","THPL",110,26.416,NA,NA,16.12392,12.6492,3.74904,12.365136,NA,19.4612544,NA,121.123523698783,86.3433797784773,93.0897426974922,"Thuja plicata","Donn ex D. Don","Brown 1978","USA","",11.0390075298231,0.0548054809391854,NA,NA
"Brown-THPL","Brown","THPL",77,21.082,NA,NA,16.764,7.49808,4.48056,17.613288,NA,24.7384368,NA,92.764556060929,70.8441576972193,78.8157997825491,"Thuja plicata","Donn ex D. Don","Brown 1978","USA","",15.7671963587777,0.0349070782350266,NA,NA
"Brown-THPL","Brown","THPL",70,26.924,NA,NA,19.59864,12.16152,6.82752,27.801144,NA,48.099744,NA,226.846493865441,172.08034187737,296.833178584838,"Thuja plicata","Donn ex D. Don","Brown 1978","USA","",36.6113584385223,0.0569336523513948,NA,NA
"Brown-TSHE","Brown","TSHE",10,0,NA,NA,1.34112,1.18872,0.67056,0.15299928,NA,0.10401048,NA,2.17941205878464,1.6541002139217,0.279868151273803,"Tsuga heterophylla","(Raf.) Sarg.","Brown 1978","USA","",0.353154844631792,0,NA,NA
"Brown-TSHE","Brown","TSHE",5,0,NA,NA,1.3716,1.3716,0.6096,0.0489888,NA,0.0269892,NA,2.21150783433445,1.63728780151023,0.266879991678769,"Tsuga heterophylla","(Raf.) Sarg.","Brown 1978","USA","",0.291863507960159,0,NA,NA
"Brown-TSHE","Brown","TSHE",5,0,NA,NA,1.15824,0.9144,0.57912,0.04499712,NA,0.02998296,NA,1.47800304130498,1.13592769623012,0.160572794993393,"Tsuga heterophylla","(Raf.) Sarg.","Brown 1978","USA","",0.263406815934043,0,NA,NA
"Brown-TSHE","Brown","TSHE",7,0.254,NA,NA,1.9812,1.6764,0.67056,0.144018,NA,0.09103752,NA,2.93979797267457,2.15389828872913,0.394685854360491,"Tsuga heterophylla","(Raf.) Sarg.","Brown 1978","USA","",0.353154844631792,5.06707479097498e-06,NA,NA
"Brown-TSHE","Brown","TSHE",8,0.508,NA,NA,1.79832,1.79832,0.82296,0.19600056,NA,0.13803048,NA,3.92798441097551,2.9166931429519,0.637709740116419,"Tsuga heterophylla","(Raf.) Sarg.","Brown 1978","USA","",0.531921243257389,2.02682991638999e-05,NA,NA
"Brown-TSHE","Brown","TSHE",7,1.27,NA,NA,2.4384,2.19456,0.97536,0.3150252,NA,0.20402928,NA,5.66146005589619,4.19145677186618,1.09314044591624,"Tsuga heterophylla","(Raf.) Sarg.","Brown 1978","USA","",0.747170580378006,0.000126676869774374,NA,NA
"Brown-TSHE","Brown","TSHE",4,0,NA,NA,1.09728,1.09728,0.42672,0.03801168,NA,0.02000376,NA,1.22117563249159,0.89228421611496,0.104616956738077,"Tsuga heterophylla","(Raf.) Sarg.","Brown 1978","USA","",0.143013118900478,0,NA,NA
"Brown-TSHE","Brown","TSHE",13,5.334,NA,NA,4.93776,4.32816,1.58496,1.7549784,NA,1.7300304,NA,17.7942268219134,12.9277355190564,5.69296536916187,"Tsuga heterophylla","(Raf.) Sarg.","Brown 1978","USA","",1.97299731381067,0.00223457998281997,NA,NA
"Brown-TSHE","Brown","TSHE",17,5.842,NA,NA,5.54736,4.63296,1.73736,1.2151944,NA,1.1911536,NA,20.9224159991813,15.2345182445468,7.32211945169871,"Tsuga heterophylla","(Raf.) Sarg.","Brown 1978","USA","",2.37066134340639,0.00268048256442576,NA,NA
"Brown-TSHE","Brown","TSHE",25,7.62,NA,NA,6.52272,5.334,2.83464,3.1960656,NA,3.3979176,NA,40.9535074064902,30.8853502008158,22.4412713002885,"Tsuga heterophylla","(Raf.) Sarg.","Brown 1978","USA","",6.31081870086853,0.00456036731187748,NA,NA
"Brown-TSHE","Brown","TSHE",21,7.874,NA,NA,6.18744,5.7912,2.10312,3.1452624,NA,3.286332,NA,31.5704111032585,22.918394680121,13.4120539818165,"Tsuga heterophylla","(Raf.) Sarg.","Brown 1978","USA","",3.47390540349579,0.00486945887412695,NA,NA
"Brown-TSHE","Brown","TSHE",25,12.7,NA,NA,8.8392,8.2296,3.07848,6.853896,NA,8.02500048,NA,65.8389129613917,47.9289365321137,40.8366419267269,"Tsuga heterophylla","(Raf.) Sarg.","Brown 1978","USA","",7.44324911175395,0.0126676869774374,NA,NA
"Brown-TSHE","Brown","TSHE",23,14.478,NA,NA,8.35152,7.80288,3.26136,9.50292,NA,10.854648,NA,66.8512633158138,49.1910743625515,43.4561283517188,"Tsuga heterophylla","(Raf.) Sarg.","Brown 1978","USA","",8.35386325658964,0.0164629259958777,NA,NA
"Brown-TSHE","Brown","TSHE",23,16.002,NA,NA,10.72896,10.72896,3.74904,14.556024,NA,19.0734264,NA,103.930933780102,75.1787157616616,78.9580468181139,"Tsuga heterophylla","(Raf.) Sarg.","Brown 1978","USA","",11.0390075298231,0.0201112198453797,NA,NA
"Brown-TSHE","Brown","TSHE",32,17.78,NA,NA,11.70432,11.70432,3.90144,14.270256,NA,17.8251192,NA,117.560151007503,84.6725086470803,93.281318051519,"Tsuga heterophylla","(Raf.) Sarg.","Brown 1978","USA","",11.9547292860481,0.0248286664757774,NA,NA
"Brown-TSHE","Brown","TSHE",6,1.524,NA,NA,2.52984,2.34696,1.24968,0.439992,NA,0.37000152,NA,7.94644584175936,5.99410218193065,1.91911919349582,"Tsuga heterophylla","(Raf.) Sarg.","Brown 1978","USA","",1.22655639220257,0.000182414692475099,NA,NA
"Brown-TSHE","Brown","TSHE",19,3.302,NA,NA,3.87096,2.98704,1.28016,0.6831216,NA,0.61204248,NA,10.0724555183238,7.43002680845862,2.5631154400829,"Tsuga heterophylla","(Raf.) Sarg.","Brown 1978","USA","",1.2871180701043,0.000856335639674771,NA,NA
"Brown-TSHE","Brown","TSHE",8,3.302,NA,NA,4.14528,3.81,1.3716,0.752976,NA,0.63404208,NA,13.5356679698643,9.81814044486916,3.75299988298269,"Tsuga heterophylla","(Raf.) Sarg.","Brown 1978","USA","",1.4775590090483,0.000856335639674771,NA,NA
"Brown-TSHE","Brown","TSHE",24,4.572,NA,NA,3.87096,3.62712,1.46304,1.8742752,NA,1.821204,NA,13.8893608620436,10.1845920114741,4.06511603325101,"Tsuga heterophylla","(Raf.) Sarg.","Brown 1978","USA","",1.68113380585051,0.00164173223227589,NA,NA
"Brown-TSHE","Brown","TSHE",19,5.08,NA,NA,4.69392,4.69392,1.524,1.4120568,NA,1.5186528,NA,18.3814560470244,13.2079930000936,5.70826648868478,"Tsuga heterophylla","(Raf.) Sarg.","Brown 1978","USA","",1.82414692475099,0.00202682991638999,NA,NA
